from,to,flow,capacity,shadow_price
S,21_1,0,999,0
S,21_2,0.265,999,0
S,21_3,0.35,999,0
S,21_4,0.35,999,0
S,21_5,0.35,999,0
S,21_6,0,999,0
S,21_7,0.35,999,0
S,21_8,0.325,999,0
S,21_9,0,999,0
S,21_10,0,999,0
S,21_11,0.35,999,0
S,21_12,0,999,0
S,21_13,0,999,0
S,21_14,0,999,0
S,21_15,1.455,999,0
S,21_16,0,999,0
S,21_17,0,999,0
S,21_18,0,999,0
S,21_19,0,999,0
S,21_20,0,999,0
S,21_21,0,999,0
3_3,T,0,999,0
4_3,T,0.17,999,0
5_3,T,0,999,0
6_3,T,0.055,999,0
3_4,T,0.84,999,0
4_4,T,0.63,999,0
5_4,T,0,999,0
6_4,T,0.525,999,0
3_5,T,0,999,0
4_5,T,0,999,0
5_5,T,0,999,0
6_5,T,0,999,0
3_6,T,0.525,999,0
4_6,T,0,999,0
5_6,T,0.525,999,0
6_6,T,0.525,999,0
1_1,1_2,0.135,0.175,0
1_1,2_2,0,0.105,0
1_1,2_1,0,0.105,0
1_2,1_3,0.03,0.105,0
1_2,2_3,0.105,0.105,0
1_2,2_2,0,0.105,0
1_2,2_1,0,0.105,0
1_2,1_1,0,0.105,0
1_3,1_4,0,0.105,0
1_3,2_4,0.03,0.105,0
1_3,2_3,0,0.105,0
1_3,2_2,0,0.105,0
1_3,1_2,0,0.175,0
1_4,1_5,0,0.175,0
1_4,2_5,0.105,0.105,0
1_4,2_4,0.105,0.105,0
1_4,2_3,0,0.105,0
1_4,1_3,0,0.105,0
1_5,1_6,0,0.105,0
1_5,2_6,0,0.175,0
1_5,2_5,0.105,0.105,0
1_5,2_4,0,0.105,0
1_5,1_4,0.105,0.105,0
1_6,1_7,0,0.105,0
1_6,2_7,0,0.105,0
1_6,2_6,0,0.175,0
1_6,2_5,0.105,0.105,0
1_6,1_5,0.105,0.175,0
1_7,1_8,0,0.105,0
1_7,2_8,0,0.105,0
1_7,2_7,0,0.105,0
1_7,2_6,0.105,0.175,0
1_7,1_6,0.105,0.105,0
1_8,1_9,0,0.175,0
1_8,2_9,0,0.175,0
1_8,2_8,0,0.105,0
1_8,2_7,0.105,0.105,1
1_8,1_7,0.105,0.105,1
1_9,1_10,0,0.175,0
1_9,2_10,0,0.175,0
1_9,2_9,0,0.175,0
1_9,2_8,0.07,0.105,0
1_9,1_8,0.105,0.105,0
1_10,1_11,0,0.105,0
1_10,2_11,0,0.175,0
1_10,2_10,0,0.175,0
1_10,2_9,0.14,0.175,0
1_10,1_9,0,0.175,0
1_11,1_12,0,0.105,0
1_11,2_12,0,0.105,0
1_11,2_11,0,0.175,0
1_11,2_10,0,0.175,0
1_11,1_10,0,0.175,0
1_12,1_13,0,0.105,0
1_12,2_13,0,0.175,0
1_12,2_12,0,0.105,0
1_12,2_11,0.175,0.175,0
1_12,1_11,0,0.105,0
1_13,1_14,0,0.105,0
1_13,2_14,0,0.105,0
1_13,2_13,0,0.175,0
1_13,2_12,0,0.105,0
1_13,1_12,0.105,0.105,0
1_14,1_15,0,0.105,0
1_14,2_15,0,0.105,0
1_14,2_14,0,0.105,0
1_14,2_13,0,0.175,0
1_14,1_13,0,0.105,0
1_15,1_16,0,0.175,0
1_15,2_16,0,0.175,0
1_15,2_15,0,0.105,0
1_15,2_14,0,0.105,0
1_15,1_14,0,0.105,0
1_16,1_17,0,0.175,0
1_16,2_17,0,0.105,0
1_16,2_16,0,0.175,0
1_16,2_15,0,0.105,0
1_16,1_15,0,0.105,0
1_17,1_18,0,0.175,0
1_17,2_18,0,0.175,0
1_17,2_17,0,0.105,0
1_17,2_16,0,0.175,0
1_17,1_16,0,0.175,0
1_18,1_19,0,0.175,0
1_18,2_19,0,0.175,0
1_18,2_18,0,0.175,0
1_18,2_17,0,0.105,0
1_18,1_17,0,0.175,0
1_19,1_20,0,0.105,0
1_19,2_20,0,0.175,0
1_19,2_19,0,0.175,0
1_19,2_18,0,0.175,0
1_19,1_18,0,0.175,0
1_20,1_21,0,0.105,0
1_20,2_21,0,0.175,0
1_20,2_20,0,0.175,0
1_20,2_19,0,0.175,0
1_20,1_19,0,0.175,0
1_21,2_21,0,0.175,0
1_21,2_20,0,0.175,0
1_21,1_20,0,0.105,0
2_1,1_1,0.03,0.105,0
2_1,1_2,0,0.175,0
2_1,2_2,0,0.105,0
2_1,3_2,0,0.175,0
2_1,3_1,0,0.105,0
2_2,1_2,0,0.175,0
2_2,1_3,0,0.105,0
2_2,2_3,0,0.105,0
2_2,3_3,0,0.105,0
2_2,3_2,0,0.175,0
2_2,3_1,0,0.105,0
2_2,2_1,0,0.105,0
2_2,1_1,0.105,0.105,0
2_3,1_3,0,0.105,0
2_3,1_4,0,0.105,0
2_3,2_4,0.075,0.105,0
2_3,3_4,0.105,0.105,0
2_3,3_3,0,0.105,0
2_3,3_2,0,0.175,0
2_3,2_2,0,0.105,0
2_3,1_2,0,0.175,0
2_4,1_4,0,0.105,0
2_4,1_5,0,0.175,0
2_4,2_5,0,0.105,0
2_4,3_5,0.105,0.105,0
2_4,3_4,0.105,0.105,0
2_4,3_3,0.105,0.105,0
2_4,2_3,0,0.105,0
2_4,1_3,0,0.105,0
2_5,1_5,0,0.175,0
2_5,1_6,0,0.105,0
2_5,2_6,0,0.175,0
2_5,3_6,0.105,0.105,0
2_5,3_5,0.105,0.105,0
2_5,3_4,0.105,0.105,0
2_5,2_4,0,0.105,0
2_5,1_4,0.105,0.105,0
2_6,1_6,0,0.105,0
2_6,1_7,0,0.105,0
2_6,2_7,0,0.105,0
2_6,3_7,0.035,0.105,0
2_6,3_6,0.105,0.105,0
2_6,3_5,0.105,0.105,0
2_6,2_5,0.105,0.105,0
2_6,1_5,0.105,0.175,0
2_7,1_7,0,0.105,0
2_7,1_8,0,0.105,0
2_7,2_8,0,0.105,0
2_7,3_8,0,0.105,0
2_7,3_7,0,0.105,0
2_7,3_6,0.105,0.105,0
2_7,2_6,0.175,0.175,0
2_7,1_6,0.105,0.105,0
2_8,1_8,0,0.105,0
2_8,1_9,0,0.175,0
2_8,2_9,0,0.175,0
2_8,3_9,0,0.175,0
2_8,3_8,0.07,0.105,0
2_8,3_7,0.105,0.105,1
2_8,2_7,0.105,0.105,1
2_8,1_7,0.105,0.105,1
2_9,1_9,0.175,0.175,0
2_9,1_10,0,0.175,0
2_9,2_10,0,0.175,0
2_9,3_10,0,0.105,0
2_9,3_9,0,0.175,0
2_9,3_8,0.105,0.105,0
2_9,2_8,0.105,0.105,0
2_9,1_8,0.105,0.105,0
2_10,1_10,0,0.175,0
2_10,1_11,0,0.105,0
2_10,2_11,0,0.175,0
2_10,3_11,0,0.175,0
2_10,3_10,0,0.105,0
2_10,3_9,0.105,0.175,0
2_10,2_9,0.175,0.175,0
2_10,1_9,0,0.175,0
2_11,1_11,0,0.105,0
2_11,1_12,0,0.105,0
2_11,2_12,0,0.105,0
2_11,3_12,0,0.175,0
2_11,3_11,0.105,0.175,0
2_11,3_10,0,0.105,0
2_11,2_10,0.175,0.175,0
2_11,1_10,0.14,0.175,0
2_12,1_12,0,0.105,0
2_12,1_13,0,0.105,0
2_12,2_13,0,0.175,0
2_12,3_13,0,0.105,0
2_12,3_12,0,0.175,0
2_12,3_11,0,0.175,0
2_12,2_11,0.07,0.175,0
2_12,1_11,0,0.105,0
2_13,1_13,0,0.105,0
2_13,1_14,0,0.105,0
2_13,2_14,0,0.105,0
2_13,3_14,0,0.105,0
2_13,3_13,0,0.105,0
2_13,3_12,0,0.175,0
2_13,2_12,0,0.105,0
2_13,1_12,0.07,0.105,0
2_14,1_14,0,0.105,0
2_14,1_15,0,0.105,0
2_14,2_15,0,0.105,0
2_14,3_15,0,0.175,0
2_14,3_14,0,0.105,0
2_14,3_13,0,0.105,0
2_14,2_13,0.035,0.175,0
2_14,1_13,0.105,0.105,0
2_15,1_15,0,0.105,0
2_15,1_16,0,0.175,0
2_15,2_16,0,0.175,0
2_15,3_16,0,0.105,0
2_15,3_15,0.105,0.175,0
2_15,3_14,0,0.105,0
2_15,2_14,0,0.105,0
2_15,1_14,0,0.105,0
2_16,1_16,0,0.175,0
2_16,1_17,0,0.175,0
2_16,2_17,0,0.105,0
2_16,3_17,0,0.105,0
2_16,3_16,0,0.105,0
2_16,3_15,0,0.175,0
2_16,2_15,0.105,0.105,0
2_16,1_15,0,0.105,0
2_17,1_17,0,0.175,0
2_17,1_18,0,0.175,0
2_17,2_18,0,0.175,0
2_17,3_18,0,0.105,0
2_17,3_17,0,0.105,0
2_17,3_16,0,0.105,0
2_17,2_16,0,0.175,0
2_17,1_16,0,0.175,0
2_18,1_18,0,0.175,0
2_18,1_19,0,0.175,0
2_18,2_19,0,0.175,0
2_18,3_19,0,0.105,0
2_18,3_18,0,0.105,0
2_18,3_17,0,0.105,0
2_18,2_17,0,0.105,0
2_18,1_17,0,0.175,0
2_19,1_19,0,0.175,0
2_19,1_20,0,0.105,0
2_19,2_20,0,0.175,0
2_19,3_20,0,0.175,0
2_19,3_19,0,0.105,0
2_19,3_18,0,0.105,0
2_19,2_18,0,0.175,0
2_19,1_18,0,0.175,0
2_20,1_20,0,0.105,0
2_20,1_21,0,0.105,0
2_20,2_21,0,0.175,0
2_20,3_21,0,0.175,0
2_20,3_20,0,0.175,0
2_20,3_19,0,0.105,0
2_20,2_19,0,0.175,0
2_20,1_19,0,0.175,0
2_21,1_21,0,0.105,0
2_21,3_21,0,0.175,0
2_21,3_20,0,0.175,0
2_21,2_20,0,0.175,0
2_21,1_20,0,0.105,0
3_1,2_1,0.03,0.105,0
3_1,2_2,0,0.105,0
3_1,3_2,0,0.175,0
3_1,4_2,0,0.175,0
3_1,4_1,0.075,0.175,0
3_2,2_2,0.105,0.105,0
3_2,2_3,0.075,0.105,0
3_2,3_3,0.105,0.105,0
3_2,4_3,0.065,0.105,0
3_2,4_2,0,0.175,0
3_2,4_1,0,0.175,0
3_2,3_1,0,0.105,0
3_2,2_1,0,0.105,0
3_3,2_3,0,0.105,0
3_3,2_4,0,0.105,0
3_3,3_4,0.105,0.105,0
3_3,4_4,0.105,0.105,0
3_3,4_3,0.105,0.105,0
3_3,4_2,0,0.175,0
3_3,3_2,0,0.175,0
3_3,2_2,0,0.105,0
3_4,2_4,0,0.105,0
3_4,2_5,0,0.105,0
3_4,3_5,0,0.105,0
3_4,4_5,0,0.105,0
3_4,4_4,0,0.105,0
3_4,4_3,0,0.105,0
3_4,3_3,0,0.105,0
3_4,2_3,0,0.105,0
3_5,2_5,0,0.105,0
3_5,2_6,0,0.175,0
3_5,3_6,0,0.105,0
3_5,4_6,0.105,0.105,0
3_5,4_5,0,0.105,0
3_5,4_4,0.105,0.105,0
3_5,3_4,0.105,0.105,0
3_5,2_4,0.105,0.105,0
3_6,2_6,0,0.175,0
3_6,2_7,0,0.105,0
3_6,3_7,0,0.105,0
3_6,4_7,0,0.175,0
3_6,4_6,0,0.105,0
3_6,4_5,0.105,0.105,0
3_6,3_5,0,0.105,0
3_6,2_5,0,0.105,0
3_7,2_7,0.07,0.105,0
3_7,2_8,0,0.105,0
3_7,3_8,0,0.105,0
3_7,4_8,0,0.175,0
3_7,4_7,0,0.175,0
3_7,4_6,0.105,0.105,0
3_7,3_6,0.105,0.105,0
3_7,2_6,0.175,0.175,0
3_8,2_8,0.105,0.105,0
3_8,2_9,0,0.175,0
3_8,3_9,0,0.175,0
3_8,4_9,0,0.175,0
3_8,4_8,0,0.175,0
3_8,4_7,0.175,0.175,0
3_8,3_7,0.105,0.105,1
3_8,2_7,0.105,0.105,1
3_9,2_9,0,0.175,0
3_9,2_10,0,0.175,0
3_9,3_10,0,0.105,0
3_9,4_10,0,0.105,0
3_9,4_9,0,0.175,0
3_9,4_8,0,0.175,0
3_9,3_8,0.105,0.105,0
3_9,2_8,0.105,0.105,0
3_10,2_10,0.105,0.175,0
3_10,2_11,0,0.175,0
3_10,3_11,0,0.175,0
3_10,4_11,0,0.105,0
3_10,4_10,0,0.105,0
3_10,4_9,0,0.175,0
3_10,3_9,0,0.175,0
3_10,2_9,0.175,0.175,0
3_11,2_11,0,0.175,0
3_11,2_12,0,0.105,0
3_11,3_12,0,0.175,0
3_11,4_12,0,0.105,0
3_11,4_11,0,0.105,0
3_11,4_10,0,0.105,0
3_11,3_10,0.105,0.105,0
3_11,2_10,0,0.175,0
3_12,2_12,0,0.105,0
3_12,2_13,0,0.175,0
3_12,3_13,0,0.105,0
3_12,4_13,0,0.175,0
3_12,4_12,0,0.105,0
3_12,4_11,0,0.105,0
3_12,3_11,0,0.175,0
3_12,2_11,0.175,0.175,0
3_13,2_13,0.035,0.175,0
3_13,2_14,0,0.105,0
3_13,3_14,0,0.105,0
3_13,4_14,0,0.175,0
3_13,4_13,0,0.175,0
3_13,4_12,0,0.105,0
3_13,3_12,0,0.175,0
3_13,2_12,0.07,0.105,0
3_14,2_14,0.035,0.105,0
3_14,2_15,0,0.105,0
3_14,3_15,0,0.175,0
3_14,4_15,0,0.105,0
3_14,4_14,0,0.175,0
3_14,4_13,0,0.175,0
3_14,3_13,0,0.105,0
3_14,2_13,0,0.175,0
3_15,2_15,0,0.105,0
3_15,2_16,0,0.175,0
3_15,3_16,0,0.105,0
3_15,4_16,0,0.105,0
3_15,4_15,0,0.105,0
3_15,4_14,0,0.175,0
3_15,3_14,0,0.105,0
3_15,2_14,0.105,0.105,0
3_16,2_16,0,0.175,0
3_16,2_17,0,0.105,0
3_16,3_17,0,0.105,0
3_16,4_17,0,0.105,0
3_16,4_16,0,0.105,0
3_16,4_15,0,0.105,0
3_16,3_15,0,0.175,0
3_16,2_15,0,0.105,0
3_17,2_17,0,0.105,0
3_17,2_18,0,0.175,0
3_17,3_18,0,0.105,0
3_17,4_18,0,0.105,0
3_17,4_17,0,0.105,0
3_17,4_16,0,0.105,0
3_17,3_16,0,0.105,0
3_17,2_16,0.105,0.175,0
3_18,2_18,0,0.175,0
3_18,2_19,0,0.175,0
3_18,3_19,0,0.105,0
3_18,4_19,0,0.105,0
3_18,4_18,0,0.105,0
3_18,4_17,0,0.105,0
3_18,3_17,0,0.105,0
3_18,2_17,0,0.105,0
3_19,2_19,0,0.175,0
3_19,2_20,0,0.175,0
3_19,3_20,0,0.175,0
3_19,4_20,0,0.105,0
3_19,4_19,0,0.105,0
3_19,4_18,0,0.105,0
3_19,3_18,0,0.105,0
3_19,2_18,0,0.175,0
3_20,2_20,0,0.175,0
3_20,2_21,0,0.175,0
3_20,3_21,0,0.175,0
3_20,4_21,0,0.105,0
3_20,4_20,0,0.105,0
3_20,4_19,0,0.105,0
3_20,3_19,0,0.105,0
3_20,2_19,0,0.175,0
3_21,2_21,0,0.175,0
3_21,4_21,0,0.105,0
3_21,4_20,0,0.105,0
3_21,3_20,0,0.175,0
3_21,2_20,0,0.175,0
4_1,3_1,0,0.105,0
4_1,3_2,0.175,0.175,0
4_1,4_2,0.175,0.175,0
4_1,5_2,0,0.15,0
4_1,5_1,0,0.175,0
4_2,3_2,0.175,0.175,0
4_2,3_3,0.105,0.105,0
4_2,4_3,0.105,0.105,0
4_2,5_3,0.035,0.105,0
4_2,5_2,0,0.15,0
4_2,5_1,0,0.175,0
4_2,4_1,0,0.175,0
4_2,3_1,0.105,0.105,0
4_3,3_3,0,0.105,0
4_3,3_4,0.105,0.105,0
4_3,4_4,0.105,0.105,0
4_3,5_4,0,0.105,0
4_3,5_3,0,0.105,0
4_3,5_2,0,0.15,0
4_3,4_2,0,0.175,0
4_3,3_2,0,0.175,0
4_4,3_4,0.105,0.105,0
4_4,3_5,0,0.105,0
4_4,4_5,0,0.105,0
4_4,5_5,0,0.105,0
4_4,5_4,0,0.105,0
4_4,5_3,0,0.105,0
4_4,4_3,0,0.105,0
4_4,3_3,0,0.105,0
4_5,3_5,0,0.105,0
4_5,3_6,0,0.105,0
4_5,4_6,0,0.105,0
4_5,5_6,0,0.105,0
4_5,5_5,0,0.105,0
4_5,5_4,0.105,0.105,0
4_5,4_4,0.105,0.105,0
4_5,3_4,0.105,0.105,0
4_6,3_6,0.105,0.105,0
4_6,3_7,0,0.105,0
4_6,4_7,0,0.175,0
4_6,5_7,0,0.15,0
4_6,5_6,0.105,0.105,0
4_6,5_5,0.105,0.105,0
4_6,4_5,0,0.105,0
4_6,3_5,0.105,0.105,0
4_7,3_7,0.105,0.105,1
4_7,3_8,0,0.105,0
4_7,4_8,0,0.175,0
4_7,5_8,0,0.15,0
4_7,5_7,0,0.15,0
4_7,5_6,0.105,0.105,1
4_7,4_6,0.105,0.105,1
4_7,3_6,0.105,0.105,1
4_8,3_8,0.105,0.105,0
4_8,3_9,0,0.175,0
4_8,4_9,0,0.175,0
4_8,5_9,0,0.25,0
4_8,5_8,0,0.15,0
4_8,5_7,0,0.15,0
4_8,4_7,0.14,0.175,0
4_8,3_7,0.105,0.105,1
4_9,3_9,0,0.175,0
4_9,3_10,0.07,0.105,0
4_9,4_10,0,0.105,0
4_9,5_10,0,0.175,0
4_9,5_9,0,0.25,0
4_9,5_8,0,0.15,0
4_9,4_8,0,0.175,0
4_9,3_8,0.105,0.105,0
4_10,3_10,0,0.105,0
4_10,3_11,0,0.175,0
4_10,4_11,0,0.105,0
4_10,5_11,0,0.175,0
4_10,5_10,0,0.175,0
4_10,5_9,0,0.25,0
4_10,4_9,0,0.175,0
4_10,3_9,0.105,0.175,0
4_11,3_11,0,0.175,0
4_11,3_12,0,0.175,0
4_11,4_12,0,0.105,0
4_11,5_12,0,0.175,0
4_11,5_11,0,0.175,0
4_11,5_10,0,0.175,0
4_11,4_10,0,0.105,0
4_11,3_10,0.105,0.105,0
4_12,3_12,0,0.175,0
4_12,3_13,0,0.105,0
4_12,4_13,0,0.175,0
4_12,5_13,0,0.25,0
4_12,5_12,0,0.175,0
4_12,5_11,0,0.175,0
4_12,4_11,0,0.105,0
4_12,3_11,0,0.175,0
4_13,3_13,0,0.105,0
4_13,3_14,0,0.105,0
4_13,4_14,0,0.175,0
4_13,5_14,0,0.25,0
4_13,5_13,0,0.25,0
4_13,5_12,0,0.175,0
4_13,4_12,0,0.105,0
4_13,3_12,0.175,0.175,0
4_14,3_14,0.035,0.105,0
4_14,3_15,0,0.175,0
4_14,4_15,0,0.105,0
4_14,5_15,0,0.175,0
4_14,5_14,0,0.25,0
4_14,5_13,0,0.25,0
4_14,4_13,0,0.175,0
4_14,3_13,0.105,0.105,0
4_15,3_15,0,0.175,0
4_15,3_16,0,0.105,0
4_15,4_16,0,0.105,0
4_15,5_16,0,0.105,0
4_15,5_15,0,0.175,0
4_15,5_14,0,0.25,0
4_15,4_14,0,0.175,0
4_15,3_14,0,0.105,0
4_16,3_16,0,0.105,0
4_16,3_17,0,0.105,0
4_16,4_17,0,0.105,0
4_16,5_17,0,0.105,0
4_16,5_16,0,0.105,0
4_16,5_15,0.045,0.175,0
4_16,4_15,0,0.105,0
4_16,3_15,0,0.175,0
4_17,3_17,0,0.105,0
4_17,3_18,0,0.105,0
4_17,4_18,0,0.105,0
4_17,5_18,0,0.105,0
4_17,5_17,0,0.105,0
4_17,5_16,0,0.105,0
4_17,4_16,0,0.105,0
4_17,3_16,0,0.105,0
4_18,3_18,0,0.105,0
4_18,3_19,0,0.105,0
4_18,4_19,0,0.105,0
4_18,5_19,0,0.105,0
4_18,5_18,0,0.105,0
4_18,5_17,0,0.105,0
4_18,4_17,0,0.105,0
4_18,3_17,0.105,0.105,0
4_19,3_19,0,0.105,0
4_19,3_20,0,0.175,0
4_19,4_20,0,0.105,0
4_19,5_20,0,0.175,0
4_19,5_19,0,0.105,0
4_19,5_18,0,0.105,0
4_19,4_18,0,0.105,0
4_19,3_18,0,0.105,0
4_20,3_20,0,0.175,0
4_20,3_21,0,0.175,0
4_20,4_21,0,0.105,0
4_20,5_21,0,0.25,0
4_20,5_20,0,0.175,0
4_20,5_19,0,0.105,0
4_20,4_19,0,0.105,0
4_20,3_19,0,0.105,0
4_21,3_21,0,0.175,0
4_21,5_21,0,0.25,0
4_21,5_20,0,0.175,0
4_21,4_20,0,0.105,0
4_21,3_20,0,0.175,0
5_1,4_1,0.15,0.175,0
5_1,4_2,0.175,0.175,0
5_1,5_2,0,0.15,0
5_1,6_2,0,0.15,0
5_1,6_1,0,0.15,0
5_2,4_2,0.175,0.175,0
5_2,4_3,0,0.105,0
5_2,5_3,0,0.105,0
5_2,6_3,0,0.105,0
5_2,6_2,0,0.15,0
5_2,6_1,0,0.15,0
5_2,5_1,0,0.175,0
5_2,4_1,0.125,0.175,0
5_3,4_3,0,0.105,0
5_3,4_4,0.105,0.105,0
5_3,5_4,0.105,0.105,0
5_3,6_4,0.105,0.105,0
5_3,6_3,0.035,0.105,0
5_3,6_2,0,0.15,0
5_3,5_2,0,0.15,0
5_3,4_2,0,0.175,0
5_4,4_4,0.105,0.105,0
5_4,4_5,0.105,0.105,0
5_4,5_5,0,0.105,0
5_4,6_5,0.105,0.105,0
5_4,6_4,0.105,0.105,0
5_4,6_3,0,0.105,0
5_4,5_3,0.105,0.105,0
5_4,4_3,0.105,0.105,0
5_5,4_5,0,0.105,0
5_5,4_6,0,0.105,0
5_5,5_6,0,0.105,0
5_5,6_6,0.105,0.105,0
5_5,6_5,0.105,0.105,0
5_5,6_4,0,0.105,0
5_5,5_4,0.105,0.105,0
5_5,4_4,0.105,0.105,0
5_6,4_6,0,0.105,0
5_6,4_7,0,0.175,0
5_6,5_7,0,0.15,0
5_6,6_7,0,0.175,0
5_6,6_6,0,0.105,0
5_6,6_5,0,0.105,0
5_6,5_5,0,0.105,0
5_6,4_5,0.105,0.105,0
5_7,4_7,0,0.175,0
5_7,4_8,0,0.175,0
5_7,5_8,0,0.15,0
5_7,6_8,0,0.15,0
5_7,6_7,0,0.175,0
5_7,6_6,0.105,0.105,1
5_7,5_6,0.105,0.105,1
5_7,4_6,0.105,0.105,1
5_8,4_8,0.175,0.175,0
5_8,4_9,0,0.175,0
5_8,5_9,0,0.25,0
5_8,6_9,0,0.25,0
5_8,6_8,0,0.15,0
5_8,6_7,0,0.175,0
5_8,5_7,0.015,0.15,0
5_8,4_7,0.105,0.175,0
5_9,4_9,0,0.175,0
5_9,4_10,0,0.105,0
5_9,5_10,0,0.175,0
5_9,6_10,0,0.15,0
5_9,6_9,0,0.25,0
5_9,6_8,0,0.15,0
5_9,5_8,0,0.15,0
5_9,4_8,0.175,0.175,0
5_10,4_10,0,0.105,0
5_10,4_11,0,0.105,0
5_10,5_11,0,0.175,0
5_10,6_11,0,0.15,0
5_10,6_10,0,0.15,0
5_10,6_9,0,0.25,0
5_10,5_9,0,0.25,0
5_10,4_9,0.175,0.175,0
5_11,4_11,0.08,0.105,0
5_11,4_12,0,0.105,0
5_11,5_12,0,0.175,0
5_11,6_12,0,0.175,0
5_11,6_11,0,0.15,0
5_11,6_10,0,0.15,0
5_11,5_10,0,0.175,0
5_11,4_10,0.105,0.105,0
5_12,4_12,0,0.105,0
5_12,4_13,0,0.175,0
5_12,5_13,0,0.25,0
5_12,6_13,0,0.105,0
5_12,6_12,0,0.175,0
5_12,6_11,0.15,0.15,0
5_12,5_11,0,0.175,0
5_12,4_11,0.025,0.105,0
5_13,4_13,0,0.175,0
5_13,4_14,0,0.175,0
5_13,5_14,0,0.25,0
5_13,6_14,0,0.25,0
5_13,6_13,0,0.105,0
5_13,6_12,0,0.175,0
5_13,5_12,0,0.175,0
5_13,4_12,0,0.105,0
5_14,4_14,0,0.175,0
5_14,4_15,0,0.105,0
5_14,5_15,0,0.175,0
5_14,6_15,0,0.25,0
5_14,6_14,0,0.25,0
5_14,6_13,0,0.105,0
5_14,5_13,0,0.25,0
5_14,4_13,0.175,0.175,0
5_15,4_15,0,0.105,0
5_15,4_16,0,0.105,0
5_15,5_16,0,0.105,0
5_15,6_16,0,0.105,0
5_15,6_15,0,0.25,0
5_15,6_14,0,0.25,0
5_15,5_14,0.175,0.25,0
5_15,4_14,0.14,0.175,0
5_16,4_16,0,0.105,0
5_16,4_17,0,0.105,0
5_16,5_17,0,0.105,0
5_16,6_17,0,0.105,0
5_16,6_16,0,0.105,0
5_16,6_15,0,0.25,0
5_16,5_15,0,0.175,0
5_16,4_15,0,0.105,0
5_17,4_17,0,0.105,0
5_17,4_18,0,0.105,0
5_17,5_18,0,0.105,0
5_17,6_18,0,0.105,0
5_17,6_17,0,0.105,0
5_17,6_16,0,0.105,0
5_17,5_16,0,0.105,0
5_17,4_16,0.045,0.105,0
5_18,4_18,0,0.105,0
5_18,4_19,0,0.105,0
5_18,5_19,0,0.105,0
5_18,6_19,0,0.105,0
5_18,6_18,0,0.105,0
5_18,6_17,0,0.105,0
5_18,5_17,0,0.105,0
5_18,4_17,0,0.105,0
5_19,4_19,0,0.105,0
5_19,4_20,0,0.105,0
5_19,5_20,0,0.175,0
5_19,6_20,0,0.175,0
5_19,6_19,0,0.105,0
5_19,6_18,0,0.105,0
5_19,5_18,0,0.105,0
5_19,4_18,0.105,0.105,0
5_20,4_20,0,0.105,0
5_20,4_21,0,0.105,0
5_20,5_21,0,0.25,0
5_20,6_21,0,0.25,0
5_20,6_20,0,0.175,0
5_20,6_19,0,0.105,0
5_20,5_19,0,0.105,0
5_20,4_19,0,0.105,0
5_21,4_21,0,0.105,0
5_21,6_21,0,0.25,0
5_21,6_20,0,0.175,0
5_21,5_20,0,0.175,0
5_21,4_20,0,0.105,0
6_1,5_1,0.15,0.175,0
6_1,5_2,0.15,0.15,0
6_1,6_2,0,0.15,0
6_1,7_2,0,0.15,0
6_1,7_1,0,0.25,0
6_2,5_2,0.15,0.15,0
6_2,5_3,0.105,0.105,0
6_2,6_3,0.02,0.105,0
6_2,7_3,0,0.15,0
6_2,7_2,0,0.15,0
6_2,7_1,0,0.25,0
6_2,6_1,0,0.15,0
6_2,5_1,0.175,0.175,0
6_3,5_3,0.105,0.105,0
6_3,5_4,0.105,0.105,0
6_3,6_4,0.105,0.105,0
6_3,7_4,0,0.25,0
6_3,7_3,0,0.15,0
6_3,7_2,0,0.15,0
6_3,6_2,0,0.15,0
6_3,5_2,0,0.15,0
6_4,5_4,0.105,0.105,0
6_4,5_5,0.105,0.105,0
6_4,6_5,0,0.105,0
6_4,7_5,0,0.325,0
6_4,7_4,0,0.25,0
6_4,7_3,0,0.15,0
6_4,6_3,0,0.105,0
6_4,5_3,0,0.105,0
6_5,5_5,0.105,0.105,0
6_5,5_6,0.105,0.105,0
6_5,6_6,0.105,0.105,0
6_5,7_6,0,0.15,0
6_5,7_5,0,0.325,0
6_5,7_4,0,0.25,0
6_5,6_4,0.105,0.105,0
6_5,5_4,0.105,0.105,0
6_6,5_6,0.105,0.105,0
6_6,5_7,0,0.15,0
6_6,6_7,0,0.175,0
6_6,7_7,0,0.15,0
6_6,7_6,0,0.15,0
6_6,7_5,0,0.325,0
6_6,6_5,0,0.105,0
6_6,5_5,0.105,0.105,0
6_7,5_7,0.15,0.15,0
6_7,5_8,0,0.15,0
6_7,6_8,0,0.15,0
6_7,7_8,0,0.105,0
6_7,7_7,0,0.15,0
6_7,7_6,0,0.15,0
6_7,6_6,0.105,0.105,1
6_7,5_6,0.105,0.105,1
6_8,5_8,0.15,0.15,0
6_8,5_9,0,0.25,0
6_8,6_9,0,0.25,0
6_8,7_9,0,0.105,0
6_8,7_8,0,0.105,0
6_8,7_7,0,0.15,0
6_8,6_7,0,0.175,0
6_8,5_7,0.15,0.15,0
6_9,5_9,0,0.25,0
6_9,5_10,0,0.175,0
6_9,6_10,0,0.15,0
6_9,7_10,0,0.25,0
6_9,7_9,0,0.105,0
6_9,7_8,0,0.105,0
6_9,6_8,0.15,0.15,0
6_9,5_8,0.145,0.15,0
6_10,5_10,0,0.175,0
6_10,5_11,0,0.175,0
6_10,6_11,0,0.15,0
6_10,7_11,0,0.25,0
6_10,7_10,0,0.25,0
6_10,7_9,0,0.105,0
6_10,6_9,0.25,0.25,0
6_10,5_9,0.175,0.25,0
6_11,5_11,0.01,0.175,0
6_11,5_12,0,0.175,0
6_11,6_12,0,0.175,0
6_11,7_12,0,0.25,0
6_11,7_11,0,0.25,0
6_11,7_10,0,0.25,0
6_11,6_10,0.01,0.15,0
6_11,5_10,0.175,0.175,0
6_12,5_12,0,0.175,0
6_12,5_13,0,0.25,0
6_12,6_13,0,0.105,0
6_12,7_13,0,0.175,0
6_12,7_12,0,0.25,0
6_12,7_11,0.035,0.25,0
6_12,6_11,0,0.15,0
6_12,5_11,0.175,0.175,0
6_13,5_13,0,0.25,0
6_13,5_14,0,0.25,0
6_13,6_14,0,0.25,0
6_13,7_14,0,0.25,0
6_13,7_13,0,0.175,0
6_13,7_12,0,0.25,0
6_13,6_12,0,0.175,0
6_13,5_12,0.175,0.175,0
6_14,5_14,0,0.25,0
6_14,5_15,0.175,0.175,0
6_14,6_15,0,0.25,0
6_14,7_15,0,0.25,0
6_14,7_14,0,0.25,0
6_14,7_13,0.075,0.175,0
6_14,6_13,0,0.105,0
6_14,5_13,0,0.25,0
6_15,5_15,0,0.175,0
6_15,5_16,0,0.105,0
6_15,6_16,0,0.105,0
6_15,7_16,0,0.25,0
6_15,7_15,0,0.25,0
6_15,7_14,0,0.25,0
6_15,6_14,0,0.25,0
6_15,5_14,0,0.25,0
6_16,5_16,0,0.105,0
6_16,5_17,0,0.105,0
6_16,6_17,0,0.105,0
6_16,7_17,0,0.325,0
6_16,7_16,0,0.25,0
6_16,7_15,0,0.25,0
6_16,6_15,0,0.25,0
6_16,5_15,0.095,0.175,0
6_17,5_17,0.045,0.105,0
6_17,5_18,0,0.105,0
6_17,6_18,0,0.105,0
6_17,7_18,0,0.15,0
6_17,7_17,0,0.325,0
6_17,7_16,0,0.25,0
6_17,6_16,0,0.105,0
6_17,5_16,0,0.105,0
6_18,5_18,0,0.105,0
6_18,5_19,0.105,0.105,0
6_18,6_19,0,0.105,0
6_18,7_19,0,0.175,0
6_18,7_18,0,0.15,0
6_18,7_17,0,0.325,0
6_18,6_17,0,0.105,0
6_18,5_17,0,0.105,0
6_19,5_19,0,0.105,0
6_19,5_20,0,0.175,0
6_19,6_20,0,0.175,0
6_19,7_20,0,0.25,0
6_19,7_19,0,0.175,0
6_19,7_18,0,0.15,0
6_19,6_18,0,0.105,0
6_19,5_18,0,0.105,0
6_20,5_20,0,0.175,0
6_20,5_21,0,0.25,0
6_20,6_21,0,0.25,0
6_20,7_21,0,0.15,0
6_20,7_20,0,0.25,0
6_20,7_19,0,0.175,0
6_20,6_19,0,0.105,0
6_20,5_19,0,0.105,0
6_21,5_21,0,0.25,0
6_21,7_21,0,0.15,0
6_21,7_20,0,0.25,0
6_21,6_20,0,0.175,0
6_21,5_20,0,0.175,0
7_1,6_1,0.15,0.15,1
7_1,6_2,0.15,0.15,1
7_1,7_2,0,0.15,0
7_1,8_2,0,0.25,0
7_1,8_1,0,0.15,0
7_2,6_2,0.15,0.15,1
7_2,6_3,0.105,0.105,1
7_2,7_3,0,0.15,0
7_2,8_3,0,0.325,0
7_2,8_2,0,0.25,0
7_2,8_1,0,0.15,0
7_2,7_1,0,0.25,0
7_2,6_1,0.15,0.15,1
7_3,6_3,0.105,0.105,1
7_3,6_4,0.105,0.105,1
7_3,7_4,0,0.25,0
7_3,8_4,0,0.15,0
7_3,8_3,0,0.325,0
7_3,8_2,0,0.25,0
7_3,7_2,0.15,0.15,0
7_3,6_2,0.15,0.15,1
7_4,6_4,0.105,0.105,1
7_4,6_5,0.105,0.105,1
7_4,7_5,0,0.325,0
7_4,8_5,0,0.35,0
7_4,8_4,0,0.15,0
7_4,8_3,0,0.325,0
7_4,7_3,0.06,0.15,0
7_4,6_3,0.105,0.105,1
7_5,6_5,0.105,0.105,1
7_5,6_6,0.105,0.105,1
7_5,7_6,0,0.15,0
7_5,8_6,0,0.25,0
7_5,8_5,0,0.35,0
7_5,8_4,0.01,0.15,0
7_5,7_4,0,0.25,0
7_5,6_4,0.105,0.105,1
7_6,6_6,0.105,0.105,1
7_6,6_7,0.175,0.175,0
7_6,7_7,0,0.15,0
7_6,8_7,0,0.25,0
7_6,8_6,0,0.25,0
7_6,8_5,0,0.35,0
7_6,7_5,0,0.325,0
7_6,6_5,0.105,0.105,1
7_7,6_7,0.01,0.175,0
7_7,6_8,0,0.15,0
7_7,7_8,0,0.105,0
7_7,8_8,0,0.15,0
7_7,8_7,0,0.25,0
7_7,8_6,0,0.25,0
7_7,7_6,0.035,0.15,0
7_7,6_6,0.105,0.105,1
7_8,6_8,0,0.15,0
7_8,6_9,0,0.25,0
7_8,7_9,0,0.105,0
7_8,8_9,0,0.25,0
7_8,8_8,0,0.15,0
7_8,8_7,0,0.25,0
7_8,7_7,0,0.15,0
7_8,6_7,0.175,0.175,0
7_9,6_9,0,0.25,0
7_9,6_10,0.115,0.15,0
7_9,7_10,0,0.25,0
7_9,8_10,0,0.15,0
7_9,8_9,0,0.25,0
7_9,8_8,0,0.15,0
7_9,7_8,0,0.105,0
7_9,6_8,0.15,0.15,0
7_10,6_10,0.15,0.15,0
7_10,6_11,0,0.15,0
7_10,7_11,0,0.25,0
7_10,8_11,0,0.25,0
7_10,8_10,0,0.15,0
7_10,8_9,0,0.25,0
7_10,7_9,0.055,0.105,0
7_10,6_9,0.045,0.25,0
7_11,6_11,0,0.15,0
7_11,6_12,0,0.175,0
7_11,7_12,0,0.25,0
7_11,8_12,0,0.25,0
7_11,8_11,0,0.25,0
7_11,8_10,0,0.15,0
7_11,7_10,0,0.25,0
7_11,6_10,0.15,0.15,0
7_12,6_12,0.175,0.175,0
7_12,6_13,0,0.105,0
7_12,7_13,0,0.175,0
7_12,8_13,0,0.25,0
7_12,8_12,0,0.25,0
7_12,8_11,0,0.25,0
7_12,7_11,0,0.25,0
7_12,6_11,0.045,0.15,0
7_13,6_13,0.07,0.105,0
7_13,6_14,0,0.25,0
7_13,7_14,0,0.25,0
7_13,8_14,0,0.25,0
7_13,8_13,0,0.25,0
7_13,8_12,0,0.25,0
7_13,7_12,0,0.25,0
7_13,6_12,0.035,0.175,0
7_14,6_14,0,0.25,0
7_14,6_15,0,0.25,0
7_14,7_15,0,0.25,0
7_14,8_15,0,0.325,0
7_14,8_14,0,0.25,0
7_14,8_13,0,0.25,0
7_14,7_13,0,0.175,0
7_14,6_13,0.105,0.105,0
7_15,6_15,0,0.25,0
7_15,6_16,0,0.105,0
7_15,7_16,0,0.25,0
7_15,8_16,0,0.25,0
7_15,8_15,0,0.325,0
7_15,8_14,0,0.25,0
7_15,7_14,0,0.25,0
7_15,6_14,0.25,0.25,0
7_16,6_16,0,0.105,0
7_16,6_17,0,0.105,0
7_16,7_17,0,0.325,0
7_16,8_17,0,0.35,0
7_16,8_16,0,0.25,0
7_16,8_15,0,0.325,0
7_16,7_15,0,0.25,0
7_16,6_15,0,0.25,0
7_17,6_17,0,0.105,0
7_17,6_18,0,0.105,0
7_17,7_18,0,0.15,0
7_17,8_18,0,0.325,0
7_17,8_17,0,0.35,0
7_17,8_16,0,0.25,0
7_17,7_16,0,0.25,0
7_17,6_16,0.095,0.105,0
7_18,6_18,0.105,0.105,0
7_18,6_19,0,0.105,0
7_18,7_19,0,0.175,0
7_18,8_19,0,0.25,0
7_18,8_18,0,0.325,0
7_18,8_17,0,0.35,0
7_18,7_17,0,0.325,0
7_18,6_17,0.045,0.105,0
7_19,6_19,0,0.105,0
7_19,6_20,0,0.175,0
7_19,7_20,0,0.25,0
7_19,8_20,0,0.25,0
7_19,8_19,0,0.25,0
7_19,8_18,0,0.325,0
7_19,7_18,0,0.15,0
7_19,6_18,0,0.105,0
7_20,6_20,0,0.175,0
7_20,6_21,0,0.25,0
7_20,7_21,0,0.15,0
7_20,8_21,0,0.25,0
7_20,8_20,0,0.25,0
7_20,8_19,0,0.25,0
7_20,7_19,0,0.175,0
7_20,6_19,0,0.105,0
7_21,6_21,0,0.25,0
7_21,8_21,0,0.25,0
7_21,8_20,0,0.25,0
7_21,7_20,0,0.25,0
7_21,6_20,0,0.175,0
8_1,7_1,0.25,0.25,0
8_1,7_2,0.05,0.15,0
8_1,8_2,0,0.25,0
8_1,9_2,0,0.25,0
8_1,9_1,0,0.15,0
8_2,7_2,0.15,0.15,0
8_2,7_3,0.15,0.15,0
8_2,8_3,0.265,0.325,0
8_2,9_3,0,0.15,0
8_2,9_2,0,0.25,0
8_2,9_1,0,0.15,0
8_2,8_1,0,0.15,0
8_2,7_1,0.05,0.25,0
8_3,7_3,0.15,0.15,0
8_3,7_4,0.06,0.25,0
8_3,8_4,0,0.15,0
8_3,9_4,0,0.325,0
8_3,9_3,0,0.15,0
8_3,9_2,0,0.25,0
8_3,8_2,0,0.25,0
8_3,7_2,0.055,0.15,0
8_4,7_4,0.16,0.25,0
8_4,7_5,0,0.325,0
8_4,8_5,0,0.35,0
8_4,9_5,0,0.35,0
8_4,9_4,0,0.325,0
8_4,9_3,0,0.15,0
8_4,8_3,0,0.325,0
8_4,7_3,0.15,0.15,0
8_5,7_5,0,0.325,0
8_5,7_6,0.15,0.15,0
8_5,8_6,0.02,0.25,0
8_5,9_6,0,0.25,0
8_5,9_5,0,0.35,0
8_5,9_4,0,0.325,0
8_5,8_4,0,0.15,0
8_5,7_4,0.155,0.25,0
8_6,7_6,0.15,0.15,0
8_6,7_7,0,0.15,0
8_6,8_7,0,0.25,0
8_6,9_7,0,0.25,0
8_6,9_6,0,0.25,0
8_6,9_5,0,0.35,0
8_6,8_5,0,0.35,0
8_6,7_5,0.325,0.325,0
8_7,7_7,0,0.15,0
8_7,7_8,0,0.105,0
8_7,8_8,0,0.15,0
8_7,9_8,0,0.325,0
8_7,9_7,0,0.25,0
8_7,9_6,0,0.25,0
8_7,8_6,0.005,0.25,0
8_7,7_6,0.05,0.15,0
8_8,7_8,0.105,0.105,0
8_8,7_9,0,0.105,0
8_8,8_9,0,0.25,0
8_8,9_9,0,0.15,0
8_8,9_8,0,0.325,0
8_8,9_7,0,0.25,0
8_8,8_7,0,0.25,0
8_8,7_7,0.15,0.15,0
8_9,7_9,0.105,0.105,0
8_9,7_10,0,0.25,0
8_9,8_10,0,0.15,0
8_9,9_10,0,0.15,0
8_9,9_9,0,0.15,0
8_9,9_8,0,0.325,0
8_9,8_8,0,0.15,0
8_9,7_8,0.07,0.105,0
8_10,7_10,0,0.25,0
8_10,7_11,0,0.25,0
8_10,8_11,0,0.25,0
8_10,9_11,0,0.15,0
8_10,9_10,0,0.15,0
8_10,9_9,0,0.15,0
8_10,8_9,0.045,0.25,0
8_10,7_9,0.105,0.105,0
8_11,7_11,0,0.25,0
8_11,7_12,0,0.25,0
8_11,8_12,0,0.25,0
8_11,9_12,0,0.325,0
8_11,9_11,0,0.15,0
8_11,9_10,0,0.15,0
8_11,8_10,0,0.15,0
8_11,7_10,0.25,0.25,0
8_12,7_12,0,0.25,0
8_12,7_13,0,0.175,0
8_12,8_13,0,0.25,0
8_12,9_13,0,0.325,0
8_12,9_12,0,0.325,0
8_12,9_11,0,0.15,0
8_12,8_11,0,0.25,0
8_12,7_11,0.115,0.25,0
8_13,7_13,0.03,0.175,0
8_13,7_14,0,0.25,0
8_13,8_14,0,0.25,0
8_13,9_14,0,0.25,0
8_13,9_13,0,0.325,0
8_13,9_12,0,0.325,0
8_13,8_12,0,0.25,0
8_13,7_12,0.22,0.25,0
8_14,7_14,0,0.25,0
8_14,7_15,0.25,0.25,0
8_14,8_15,0,0.325,0
8_14,9_15,0,0.325,0
8_14,9_14,0,0.25,0
8_14,9_13,0,0.325,0
8_14,8_13,0,0.25,0
8_14,7_13,0,0.175,0
8_15,7_15,0,0.25,0
8_15,7_16,0,0.25,0
8_15,8_16,0,0.25,0
8_15,9_16,0,0.15,0
8_15,9_15,0,0.325,0
8_15,9_14,0,0.25,0
8_15,8_14,0,0.25,0
8_15,7_14,0.105,0.25,0
8_16,7_16,0,0.25,0
8_16,7_17,0.05,0.325,0
8_16,8_17,0,0.35,0
8_16,9_17,0,0.35,0
8_16,9_16,0,0.15,0
8_16,9_15,0,0.325,0
8_16,8_15,0,0.325,0
8_16,7_15,0,0.25,0
8_17,7_17,0.045,0.325,0
8_17,7_18,0.15,0.15,0
8_17,8_18,0,0.325,0
8_17,9_18,0,0.25,0
8_17,9_17,0,0.35,0
8_17,9_16,0,0.15,0
8_17,8_16,0,0.25,0
8_17,7_16,0,0.25,0
8_18,7_18,0,0.15,0
8_18,7_19,0,0.175,0
8_18,8_19,0,0.25,0
8_18,9_19,0,0.15,0
8_18,9_18,0,0.25,0
8_18,9_17,0,0.35,0
8_18,8_17,0,0.35,0
8_18,7_17,0,0.325,0
8_19,7_19,0,0.175,0
8_19,7_20,0,0.25,0
8_19,8_20,0,0.25,0
8_19,9_20,0,0.15,0
8_19,9_19,0,0.15,0
8_19,9_18,0,0.25,0
8_19,8_18,0,0.325,0
8_19,7_18,0,0.15,0
8_20,7_20,0,0.25,0
8_20,7_21,0,0.15,0
8_20,8_21,0,0.25,0
8_20,9_21,0,0.325,0
8_20,9_20,0,0.15,0
8_20,9_19,0,0.15,0
8_20,8_19,0,0.25,0
8_20,7_19,0,0.175,0
8_21,7_21,0,0.15,0
8_21,9_21,0,0.325,0
8_21,9_20,0,0.15,0
8_21,8_20,0,0.25,0
8_21,7_20,0,0.25,0
9_1,8_1,0.15,0.15,0
9_1,8_2,0.15,0.25,0
9_1,9_2,0,0.25,0
9_1,10_2,0,0.15,0
9_1,10_1,0,0.15,0
9_2,8_2,0.215,0.25,0
9_2,8_3,0,0.325,0
9_2,9_3,0,0.15,0
9_2,10_3,0,0.25,0
9_2,10_2,0,0.15,0
9_2,10_1,0,0.15,0
9_2,9_1,0,0.15,0
9_2,8_1,0.15,0.15,0
9_3,8_3,0,0.325,0
9_3,8_4,0.15,0.15,0
9_3,9_4,0,0.325,0
9_3,10_4,0,0.35,0
9_3,10_3,0,0.25,0
9_3,10_2,0,0.15,0
9_3,9_2,0,0.25,0
9_3,8_2,0.25,0.25,0
9_4,8_4,0,0.15,0
9_4,8_5,0.325,0.35,0
9_4,9_5,0,0.35,0
9_4,10_5,0,0.455,0
9_4,10_4,0,0.35,0
9_4,10_3,0,0.25,0
9_4,9_3,0,0.15,0
9_4,8_3,0,0.325,0
9_5,8_5,0,0.35,0
9_5,8_6,0.2,0.25,0
9_5,9_6,0,0.25,0
9_5,10_6,0,0.35,0
9_5,10_5,0,0.455,0
9_5,10_4,0,0.35,0
9_5,9_4,0,0.325,0
9_5,8_4,0.15,0.15,0
9_6,8_6,0,0.25,0
9_6,8_7,0,0.25,0
9_6,9_7,0,0.25,0
9_6,10_7,0,0.15,0
9_6,10_6,0,0.35,0
9_6,10_5,0,0.455,0
9_6,9_5,0,0.35,0
9_6,8_5,0,0.35,0
9_7,8_7,0.055,0.25,0
9_7,8_8,0.105,0.15,0
9_7,9_8,0,0.325,0
9_7,10_8,0,0.25,0
9_7,10_7,0,0.15,0
9_7,10_6,0,0.35,0
9_7,9_6,0,0.25,0
9_7,8_6,0.25,0.25,0
9_8,8_8,0,0.15,0
9_8,8_9,0,0.25,0
9_8,9_9,0,0.15,0
9_8,10_9,0,0.325,0
9_8,10_8,0,0.25,0
9_8,10_7,0,0.15,0
9_8,9_7,0,0.25,0
9_8,8_7,0,0.25,0
9_9,8_9,0.13,0.25,0
9_9,8_10,0,0.15,0
9_9,9_10,0,0.15,0
9_9,10_10,0,0.25,0
9_9,10_9,0,0.325,0
9_9,10_8,0,0.25,0
9_9,9_8,0,0.325,0
9_9,8_8,0.15,0.15,0
9_10,8_10,0.15,0.15,0
9_10,8_11,0,0.25,0
9_10,9_11,0,0.15,0
9_10,10_11,0,0.15,0
9_10,10_10,0,0.25,0
9_10,10_9,0,0.325,0
9_10,9_9,0,0.15,0
9_10,8_9,0,0.25,0
9_11,8_11,0.25,0.25,0
9_11,8_12,0.04,0.25,0
9_11,9_12,0,0.325,0
9_11,10_12,0,0.25,0
9_11,10_11,0,0.15,0
9_11,10_10,0,0.25,0
9_11,9_10,0,0.15,0
9_11,8_10,0,0.15,0
9_12,8_12,0,0.25,0
9_12,8_13,0,0.25,0
9_12,9_13,0,0.325,0
9_12,10_13,0,0.25,0
9_12,10_12,0,0.25,0
9_12,10_11,0,0.15,0
9_12,9_11,0,0.15,0
9_12,8_11,0,0.25,0
9_13,8_13,0.25,0.25,0
9_13,8_14,0,0.25,0
9_13,9_14,0,0.25,0
9_13,10_14,0,0.15,0
9_13,10_13,0,0.25,0
9_13,10_12,0,0.25,0
9_13,9_12,0,0.325,0
9_13,8_12,0.075,0.25,0
9_14,8_14,0,0.25,0
9_14,8_15,0,0.325,0
9_14,9_15,0,0.325,0
9_14,10_15,0,0.25,0
9_14,10_14,0,0.15,0
9_14,10_13,0,0.25,0
9_14,9_13,0.325,0.325,0
9_14,8_13,0,0.25,0
9_15,8_15,0.105,0.325,0
9_15,8_16,0,0.25,0
9_15,9_16,0,0.15,0
9_15,10_16,0,0.325,0
9_15,10_15,0,0.25,0
9_15,10_14,0,0.15,0
9_15,9_14,0,0.25,0
9_15,8_14,0.25,0.25,0
9_16,8_16,0,0.25,0
9_16,8_17,0.195,0.35,0
9_16,9_17,0,0.35,0
9_16,10_17,0,0.455,0
9_16,10_16,0,0.325,0
9_16,10_15,0,0.25,0
9_16,9_15,0,0.325,0
9_16,8_15,0,0.325,0
9_17,8_17,0,0.35,0
9_17,8_18,0,0.325,0
9_17,9_18,0,0.25,0
9_17,10_18,0,0.35,0
9_17,10_17,0,0.455,0
9_17,10_16,0,0.325,0
9_17,9_16,0,0.15,0
9_17,8_16,0.05,0.25,0
9_18,8_18,0,0.325,0
9_18,8_19,0,0.25,0
9_18,9_19,0,0.15,0
9_18,10_19,0,0.25,0
9_18,10_18,0,0.35,0
9_18,10_17,0,0.455,0
9_18,9_17,0,0.35,0
9_18,8_17,0,0.35,0
9_19,8_19,0,0.25,0
9_19,8_20,0,0.25,0
9_19,9_20,0,0.15,0
9_19,10_20,0,0.25,0
9_19,10_19,0,0.25,0
9_19,10_18,0,0.35,0
9_19,9_18,0,0.25,0
9_19,8_18,0,0.325,0
9_20,8_20,0,0.25,0
9_20,8_21,0,0.25,0
9_20,9_21,0,0.325,0
9_20,10_21,0,0.15,0
9_20,10_20,0,0.25,0
9_20,10_19,0,0.25,0
9_20,9_19,0,0.15,0
9_20,8_19,0,0.25,0
9_21,8_21,0,0.25,0
9_21,10_21,0,0.15,0
9_21,10_20,0,0.25,0
9_21,9_20,0,0.15,0
9_21,8_20,0,0.25,0
10_1,9_1,0.15,0.15,0
10_1,9_2,0.15,0.25,0
10_1,10_2,0,0.15,0
10_1,11_2,0,0.25,0
10_1,11_1,0,0.325,0
10_2,9_2,0,0.25,0
10_2,9_3,0.15,0.15,0
10_2,10_3,0,0.25,0
10_2,11_3,0,0.15,0
10_2,11_2,0,0.25,0
10_2,11_1,0,0.325,0
10_2,10_1,0,0.15,0
10_2,9_1,0.15,0.15,0
10_3,9_3,0.15,0.15,0
10_3,9_4,0,0.325,0
10_3,10_4,0,0.35,0
10_3,11_4,0,0.325,0
10_3,11_3,0,0.15,0
10_3,11_2,0,0.25,0
10_3,10_2,0,0.15,0
10_3,9_2,0.215,0.25,0
10_4,9_4,0,0.325,0
10_4,9_5,0.35,0.35,0
10_4,10_5,0,0.455,0
10_4,11_5,0,0.455,0
10_4,11_4,0,0.325,0
10_4,11_3,0,0.15,0
10_4,10_3,0.05,0.25,0
10_4,9_3,0.1,0.15,0
10_5,9_5,0,0.35,0
10_5,9_6,0,0.25,0
10_5,10_6,0,0.35,0
10_5,11_6,0,0.35,0
10_5,11_5,0,0.455,0
10_5,11_4,0,0.325,0
10_5,10_4,0,0.35,0
10_5,9_4,0.325,0.325,0
10_6,9_6,0,0.25,0
10_6,9_7,0.01,0.25,0
10_6,10_7,0,0.15,0
10_6,11_7,0,0.15,0
10_6,11_6,0,0.35,0
10_6,11_5,0,0.455,0
10_6,10_5,0.29,0.455,0
10_6,9_5,0,0.35,0
10_7,9_7,0.15,0.25,0
10_7,9_8,0,0.325,0
10_7,10_8,0,0.25,0
10_7,11_8,0,0.325,0
10_7,11_7,0,0.15,0
10_7,11_6,0,0.35,0
10_7,10_6,0,0.35,0
10_7,9_6,0,0.25,0
10_8,9_8,0,0.325,0
10_8,9_9,0,0.15,0
10_8,10_9,0,0.325,0
10_8,11_9,0,0.325,0
10_8,11_8,0,0.325,0
10_8,11_7,0,0.15,0
10_8,10_7,0,0.15,0
10_8,9_7,0.25,0.25,0
10_9,9_9,0.13,0.15,0
10_9,9_10,0,0.15,0
10_9,10_10,0,0.25,0
10_9,11_10,0,0.25,0
10_9,11_9,0,0.325,0
10_9,11_8,0,0.325,0
10_9,10_8,0,0.25,0
10_9,9_8,0,0.325,0
10_10,9_10,0,0.15,0
10_10,9_11,0,0.15,0
10_10,10_11,0,0.15,0
10_10,11_11,0,0.25,0
10_10,11_10,0,0.25,0
10_10,11_9,0.1,0.325,0
10_10,10_9,0,0.325,0
10_10,9_9,0.15,0.15,0
10_11,9_11,0.14,0.15,0
10_11,9_12,0,0.325,0
10_11,10_12,0,0.25,0
10_11,11_12,0,0.25,0
10_11,11_11,0,0.25,0
10_11,11_10,0,0.25,0
10_11,10_10,0,0.25,0
10_11,9_10,0.15,0.15,0
10_12,9_12,0,0.325,0
10_12,9_13,0,0.325,0
10_12,10_13,0,0.25,0
10_12,11_13,0,0.25,0
10_12,11_12,0,0.25,0
10_12,11_11,0,0.25,0
10_12,10_11,0.1,0.15,0
10_12,9_11,0.15,0.15,0
10_13,9_13,0,0.325,0
10_13,9_14,0,0.25,0
10_13,10_14,0,0.15,0
10_13,11_14,0,0.15,0
10_13,11_13,0,0.25,0
10_13,11_12,0,0.25,0
10_13,10_12,0,0.25,0
10_13,9_12,0,0.325,0
10_14,9_14,0.15,0.25,0
10_14,9_15,0,0.325,0
10_14,10_15,0,0.25,0
10_14,11_15,0,0.325,0
10_14,11_14,0,0.15,0
10_14,11_13,0,0.25,0
10_14,10_13,0,0.25,0
10_14,9_13,0,0.325,0
10_15,9_15,0.325,0.325,0
10_15,9_16,0,0.15,0
10_15,10_16,0,0.325,0
10_15,11_16,0,0.35,0
10_15,11_15,0,0.325,0
10_15,11_14,0,0.15,0
10_15,10_14,0,0.15,0
10_15,9_14,0.175,0.25,0
10_16,9_16,0.045,0.15,0
10_16,9_17,0,0.35,0
10_16,10_17,0,0.455,0
10_16,11_17,0,0.455,0
10_16,11_16,0,0.35,0
10_16,11_15,0,0.325,0
10_16,10_15,0.25,0.25,0
10_16,9_15,0.03,0.325,0
10_17,9_17,0.05,0.35,0
10_17,9_18,0,0.25,0
10_17,10_18,0,0.35,0
10_17,11_18,0,0.325,0
10_17,11_17,0,0.455,0
10_17,11_16,0,0.35,0
10_17,10_16,0,0.325,0
10_17,9_16,0.15,0.15,0
10_18,9_18,0,0.25,0
10_18,9_19,0,0.15,0
10_18,10_19,0,0.25,0
10_18,11_19,0,0.25,0
10_18,11_18,0,0.325,0
10_18,11_17,0,0.455,0
10_18,10_17,0,0.455,0
10_18,9_17,0,0.35,0
10_19,9_19,0,0.15,0
10_19,9_20,0,0.15,0
10_19,10_20,0,0.25,0
10_19,11_20,0,0.325,0
10_19,11_19,0,0.25,0
10_19,11_18,0,0.325,0
10_19,10_18,0,0.35,0
10_19,9_18,0,0.25,0
10_20,9_20,0,0.15,0
10_20,9_21,0,0.325,0
10_20,10_21,0,0.15,0
10_20,11_21,0,0.25,0
10_20,11_20,0,0.325,0
10_20,11_19,0,0.25,0
10_20,10_19,0,0.25,0
10_20,9_19,0,0.15,0
10_21,9_21,0,0.325,0
10_21,11_21,0,0.25,0
10_21,11_20,0,0.325,0
10_21,10_20,0,0.25,0
10_21,9_20,0,0.15,0
11_1,10_1,0.15,0.15,0
11_1,10_2,0,0.15,0
11_1,11_2,0,0.25,0
11_1,12_2,0,0.325,0
11_1,12_1,0,0.325,0
11_2,10_2,0.15,0.15,0
11_2,10_3,0.065,0.25,0
11_2,11_3,0,0.15,0
11_2,12_3,0,0.35,0
11_2,12_2,0,0.325,0
11_2,12_1,0,0.325,0
11_2,11_1,0.075,0.325,0
11_2,10_1,0.15,0.15,0
11_3,10_3,0,0.25,0
11_3,10_4,0.15,0.35,0
11_3,11_4,0,0.325,0
11_3,12_4,0,0.325,0
11_3,12_3,0,0.35,0
11_3,12_2,0,0.325,0
11_3,11_2,0,0.25,0
11_3,10_2,0.15,0.15,0
11_4,10_4,0,0.35,0
11_4,10_5,0.035,0.455,0
11_4,11_5,0,0.455,0
11_4,12_5,0,0.455,0
11_4,12_4,0,0.325,0
11_4,12_3,0,0.35,0
11_4,11_3,0,0.15,0
11_4,10_3,0.25,0.25,0
11_5,10_5,0,0.455,0
11_5,10_6,0,0.35,0
11_5,11_6,0,0.35,0
11_5,12_6,0,0.35,0
11_5,12_5,0,0.455,0
11_5,12_4,0,0.325,0
11_5,11_4,0.105,0.325,0
11_5,10_4,0.35,0.35,0
11_6,10_6,0,0.35,0
11_6,10_7,0.15,0.15,0
11_6,11_7,0,0.15,0
11_6,12_7,0,0.35,0
11_6,12_6,0,0.35,0
11_6,12_5,0,0.455,0
11_6,11_5,0,0.455,0
11_6,10_5,0,0.455,0
11_7,10_7,0,0.15,0
11_7,10_8,0,0.25,0
11_7,11_8,0,0.325,0
11_7,12_8,0,0.325,0
11_7,12_7,0,0.35,0
11_7,12_6,0,0.35,0
11_7,11_6,0,0.35,0
11_7,10_6,0.3,0.35,0
11_8,10_8,0,0.25,0
11_8,10_9,0.12,0.325,0
11_8,11_9,0,0.325,0
11_8,12_9,0,0.325,0
11_8,12_8,0,0.325,0
11_8,12_7,0,0.35,0
11_8,11_7,0,0.15,0
11_8,10_7,0,0.15,0
11_9,10_9,0,0.325,0
11_9,10_10,0,0.25,0
11_9,11_10,0,0.25,0
11_9,12_10,0,0.35,0
11_9,12_9,0,0.325,0
11_9,12_8,0,0.325,0
11_9,11_8,0,0.325,0
11_9,10_8,0.25,0.25,0
11_10,10_10,0,0.25,0
11_10,10_11,0.04,0.15,0
11_10,11_11,0,0.25,0
11_10,12_11,0,0.35,0
11_10,12_10,0,0.35,0
11_10,12_9,0,0.325,0
11_10,11_9,0.15,0.325,0
11_10,10_9,0.01,0.325,0
11_11,10_11,0,0.15,0
11_11,10_12,0.25,0.25,0
11_11,11_12,0,0.25,0
11_11,12_12,0,0.25,0
11_11,12_11,0,0.35,0
11_11,12_10,0,0.35,0
11_11,11_10,0,0.25,0
11_11,10_10,0.25,0.25,0
11_12,10_12,0,0.25,0
11_12,10_13,0,0.25,0
11_12,11_13,0,0.25,0
11_12,12_13,0,0.325,0
11_12,12_12,0,0.25,0
11_12,12_11,0,0.35,0
11_12,11_11,0,0.25,0
11_12,10_11,0.15,0.15,0
11_13,10_13,0,0.25,0
11_13,10_14,0,0.15,0
11_13,11_14,0,0.15,0
11_13,12_14,0,0.325,0
11_13,12_13,0,0.325,0
11_13,12_12,0.25,0.25,0
11_13,11_12,0,0.25,0
11_13,10_12,0,0.25,0
11_14,10_14,0,0.15,0
11_14,10_15,0,0.25,0
11_14,11_15,0,0.325,0
11_14,12_15,0,0.325,0
11_14,12_14,0,0.325,0
11_14,12_13,0,0.325,0
11_14,11_13,0,0.25,0
11_14,10_13,0,0.25,0
11_15,10_15,0,0.25,0
11_15,10_16,0,0.325,0
11_15,11_16,0,0.35,0
11_15,12_16,0,0.35,0
11_15,12_15,0,0.325,0
11_15,12_14,0,0.325,0
11_15,11_14,0,0.15,0
11_15,10_14,0.15,0.15,0
11_16,10_16,0.325,0.325,0
11_16,10_17,0,0.455,0
11_16,11_17,0,0.455,0
11_16,12_17,0,0.455,0
11_16,12_16,0,0.35,0
11_16,12_15,0,0.325,0
11_16,11_15,0.005,0.325,0
11_16,10_15,0.25,0.25,0
11_17,10_17,0,0.455,0
11_17,10_18,0,0.35,0
11_17,11_18,0.095,0.325,0
11_17,12_18,0,0.325,0
11_17,12_17,0,0.455,0
11_17,12_16,0,0.35,0
11_17,11_16,0.23,0.35,0
11_17,10_16,0,0.325,0
11_18,10_18,0,0.35,0
11_18,10_19,0,0.25,0
11_18,11_19,0,0.25,0
11_18,12_19,0,0.25,0
11_18,12_18,0,0.325,0
11_18,12_17,0,0.455,0
11_18,11_17,0,0.455,0
11_18,10_17,0.2,0.455,0
11_19,10_19,0,0.25,0
11_19,10_20,0,0.25,0
11_19,11_20,0,0.325,0
11_19,12_20,0,0.35,0
11_19,12_19,0,0.25,0
11_19,12_18,0,0.325,0
11_19,11_18,0,0.325,0
11_19,10_18,0,0.35,0
11_20,10_20,0,0.25,0
11_20,10_21,0,0.15,0
11_20,11_21,0,0.25,0
11_20,12_21,0,0.25,0
11_20,12_20,0,0.35,0
11_20,12_19,0,0.25,0
11_20,11_19,0,0.25,0
11_20,10_19,0,0.25,0
11_21,10_21,0,0.15,0
11_21,12_21,0,0.25,0
11_21,12_20,0,0.35,0
11_21,11_20,0,0.325,0
11_21,10_20,0,0.25,0
12_1,11_1,0.075,0.325,0
12_1,11_2,0.25,0.25,0
12_1,12_2,0,0.325,0
12_1,13_2,0,0.35,0
12_1,13_1,0,0.325,0
12_2,11_2,0.175,0.25,0
12_2,11_3,0.15,0.15,0
12_2,12_3,0,0.35,0
12_2,13_3,0,0.35,0
12_2,13_2,0,0.35,0
12_2,13_1,0,0.325,0
12_2,12_1,0,0.325,0
12_2,11_1,0,0.325,0
12_3,11_3,0,0.15,0
12_3,11_4,0,0.325,0
12_3,12_4,0,0.325,0
12_3,13_4,0,0.35,0
12_3,13_3,0,0.35,0
12_3,13_2,0,0.35,0
12_3,12_2,0,0.325,0
12_3,11_2,0.015,0.25,0
12_4,11_4,0.045,0.325,0
12_4,11_5,0.455,0.455,0
12_4,12_5,0,0.455,0
12_4,13_5,0,0.455,0
12_4,13_4,0,0.35,0
12_4,13_3,0,0.35,0
12_4,12_3,0,0.35,0
12_4,11_3,0.15,0.15,0
12_5,11_5,0,0.455,0
12_5,11_6,0,0.35,0
12_5,12_6,0,0.35,0
12_5,13_6,0,0.325,0
12_5,13_5,0,0.455,0
12_5,13_4,0,0.35,0
12_5,12_4,0,0.325,0
12_5,11_4,0.135,0.325,0
12_6,11_6,0,0.35,0
12_6,11_7,0.15,0.15,0
12_6,12_7,0,0.35,0
12_6,13_7,0,0.325,0
12_6,13_6,0,0.325,0
12_6,13_5,0,0.455,0
12_6,12_5,0,0.455,0
12_6,11_5,0,0.455,0
12_7,11_7,0,0.15,0
12_7,11_8,0,0.325,0
12_7,12_8,0,0.325,0
12_7,13_8,0,0.25,0
12_7,13_7,0,0.325,0
12_7,13_6,0,0.325,0
12_7,12_6,0,0.35,0
12_7,11_6,0.15,0.35,0
12_8,11_8,0,0.325,0
12_8,11_9,0,0.325,0
12_8,12_9,0,0.325,0
12_8,13_9,0,0.35,0
12_8,13_8,0,0.25,0
12_8,13_7,0,0.325,0
12_8,12_7,0,0.35,0
12_8,11_7,0.15,0.15,0
12_9,11_9,0,0.325,0
12_9,11_10,0,0.25,0
12_9,12_10,0,0.35,0
12_9,13_10,0,0.325,0
12_9,13_9,0,0.35,0
12_9,13_8,0,0.25,0
12_9,12_8,0,0.325,0
12_9,11_8,0.12,0.325,0
12_10,11_10,0.2,0.25,0
12_10,11_11,0,0.25,0
12_10,12_11,0,0.35,0
12_10,13_11,0,0.325,0
12_10,13_10,0,0.325,0
12_10,13_9,0,0.35,0
12_10,12_9,0,0.325,0
12_10,11_9,0,0.325,0
12_11,11_11,0.25,0.25,0
12_11,11_12,0.15,0.25,0
12_11,12_12,0,0.25,0
12_11,13_12,0,0.35,0
12_11,13_11,0,0.325,0
12_11,13_10,0,0.325,0
12_11,12_10,0,0.35,0
12_11,11_10,0,0.25,0
12_12,11_12,0,0.25,0
12_12,11_13,0,0.25,0
12_12,12_13,0,0.325,0
12_12,13_13,0,0.35,0
12_12,13_12,0,0.35,0
12_12,13_11,0,0.325,0
12_12,12_11,0,0.35,0
12_12,11_11,0.25,0.25,0
12_13,11_13,0,0.25,0
12_13,11_14,0,0.15,0
12_13,12_14,0,0.325,0
12_13,13_14,0,0.325,0
12_13,13_13,0,0.35,0
12_13,13_12,0,0.35,0
12_13,12_12,0,0.25,0
12_13,11_12,0,0.25,0
12_14,11_14,0,0.15,0
12_14,11_15,0,0.325,0
12_14,12_15,0,0.325,0
12_14,13_15,0,0.325,0
12_14,13_14,0,0.325,0
12_14,13_13,0,0.35,0
12_14,12_13,0,0.325,0
12_14,11_13,0.25,0.25,0
12_15,11_15,0,0.325,0
12_15,11_16,0,0.35,0
12_15,12_16,0,0.35,0
12_15,13_16,0,0.35,0
12_15,13_15,0,0.325,0
12_15,13_14,0,0.325,0
12_15,12_14,0.18,0.325,0
12_15,11_14,0,0.15,0
12_16,11_16,0,0.35,0
12_16,11_17,0,0.455,0
12_16,12_17,0,0.455,0
12_16,13_17,0,0.455,0
12_16,13_16,0,0.35,0
12_16,13_15,0,0.325,0
12_16,12_15,0.18,0.325,0
12_16,11_15,0.145,0.325,0
12_17,11_17,0,0.455,0
12_17,11_18,0.105,0.325,0
12_17,12_18,0,0.325,0
12_17,13_18,0,0.35,0
12_17,13_17,0,0.455,0
12_17,13_16,0,0.35,0
12_17,12_16,0,0.35,0
12_17,11_16,0.35,0.35,0
12_18,11_18,0,0.325,0
12_18,11_19,0,0.25,0
12_18,12_19,0,0.25,0
12_18,13_19,0,0.325,0
12_18,13_18,0,0.35,0
12_18,13_17,0,0.455,0
12_18,12_17,0,0.455,0
12_18,11_17,0.325,0.455,0
12_19,11_19,0,0.25,0
12_19,11_20,0,0.325,0
12_19,12_20,0,0.35,0
12_19,13_20,0,0.325,0
12_19,13_19,0,0.325,0
12_19,13_18,0,0.35,0
12_19,12_18,0,0.325,0
12_19,11_18,0,0.325,0
12_20,11_20,0,0.325,0
12_20,11_21,0,0.25,0
12_20,12_21,0,0.25,0
12_20,13_21,0,0.325,0
12_20,13_20,0,0.325,0
12_20,13_19,0,0.325,0
12_20,12_19,0,0.25,0
12_20,11_19,0,0.25,0
12_21,11_21,0,0.25,0
12_21,13_21,0,0.325,0
12_21,13_20,0,0.325,0
12_21,12_20,0,0.35,0
12_21,11_20,0,0.325,0
13_1,12_1,0.325,0.325,0
13_1,12_2,0.325,0.325,0
13_1,13_2,0,0.35,0
13_1,14_2,0,0.325,0
13_1,14_1,0,0.325,0
13_2,12_2,0,0.325,0
13_2,12_3,0,0.35,0
13_2,13_3,0,0.35,0
13_2,14_3,0,0.325,0
13_2,14_2,0,0.325,0
13_2,14_1,0,0.325,0
13_2,13_1,0,0.325,0
13_2,12_1,0,0.325,0
13_3,12_3,0.015,0.35,0
13_3,12_4,0.325,0.325,0
13_3,13_4,0,0.35,0
13_3,14_4,0,0.35,0
13_3,14_3,0,0.325,0
13_3,14_2,0,0.325,0
13_3,13_2,0,0.35,0
13_3,12_2,0,0.325,0
13_4,12_4,0,0.325,0
13_4,12_5,0,0.455,0
13_4,13_5,0,0.455,0
13_4,14_5,0,0.455,0
13_4,14_4,0,0.35,0
13_4,14_3,0,0.325,0
13_4,13_3,0,0.35,0
13_4,12_3,0,0.35,0
13_5,12_5,0,0.455,0
13_5,12_6,0,0.35,0
13_5,13_6,0,0.325,0
13_5,14_6,0,0.35,0
13_5,14_5,0,0.455,0
13_5,14_4,0,0.35,0
13_5,13_4,0,0.35,0
13_5,12_4,0.325,0.325,0
13_6,12_6,0.15,0.35,0
13_6,12_7,0,0.35,0
13_6,13_7,0,0.325,0
13_6,14_7,0,0.35,0
13_6,14_6,0,0.35,0
13_6,14_5,0,0.455,0
13_6,13_5,0,0.455,0
13_6,12_5,0.135,0.455,0
13_7,12_7,0,0.35,0
13_7,12_8,0,0.325,0
13_7,13_8,0,0.25,0
13_7,14_8,0,0.325,0
13_7,14_7,0,0.35,0
13_7,14_6,0,0.35,0
13_7,13_6,0,0.325,0
13_7,12_6,0,0.35,0
13_8,12_8,0,0.325,0
13_8,12_9,0,0.325,0
13_8,13_9,0,0.35,0
13_8,14_9,0,0.35,0
13_8,14_8,0,0.325,0
13_8,14_7,0,0.35,0
13_8,13_7,0,0.325,0
13_8,12_7,0.15,0.35,0
13_9,12_9,0,0.325,0
13_9,12_10,0.2,0.35,0
13_9,13_10,0,0.325,0
13_9,14_10,0,0.25,0
13_9,14_9,0,0.35,0
13_9,14_8,0,0.325,0
13_9,13_8,0,0.25,0
13_9,12_8,0.15,0.325,0
13_10,12_10,0,0.35,0
13_10,12_11,0.35,0.35,0
13_10,13_11,0,0.325,0
13_10,14_11,0,0.325,0
13_10,14_10,0,0.25,0
13_10,14_9,0,0.35,0
13_10,13_9,0,0.35,0
13_10,12_9,0.12,0.325,0
13_11,12_11,0,0.35,0
13_11,12_12,0,0.25,0
13_11,13_12,0,0.35,0
13_11,14_12,0,0.105,0
13_11,14_11,0,0.325,0
13_11,14_10,0,0.25,0
13_11,13_10,0,0.325,0
13_11,12_10,0,0.35,0
13_12,12_12,0,0.25,0
13_12,12_13,0,0.325,0
13_12,13_13,0,0.35,0
13_12,14_13,0,0.325,0
13_12,14_12,0,0.105,0
13_12,14_11,0,0.325,0
13_12,13_11,0,0.325,0
13_12,12_11,0.05,0.35,0
13_13,12_13,0,0.325,0
13_13,12_14,0.07,0.325,0
13_13,13_14,0,0.325,0
13_13,14_14,0,0.325,0
13_13,14_13,0,0.325,0
13_13,14_12,0,0.105,0
13_13,13_12,0,0.35,0
13_13,12_12,0,0.25,0
13_14,12_14,0,0.325,0
13_14,12_15,0,0.325,0
13_14,13_15,0,0.325,0
13_14,14_15,0,0.325,0
13_14,14_14,0,0.325,0
13_14,14_13,0,0.325,0
13_14,13_13,0,0.35,0
13_14,12_13,0,0.325,0
13_15,12_15,0,0.325,0
13_15,12_16,0,0.35,0
13_15,13_16,0,0.35,0
13_15,14_16,0,0.325,0
13_15,14_15,0,0.325,0
13_15,14_14,0,0.325,0
13_15,13_14,0,0.325,0
13_15,12_14,0,0.325,0
13_16,12_16,0,0.35,0
13_16,12_17,0,0.455,0
13_16,13_17,0,0.455,0
13_16,14_17,0,0.455,0
13_16,14_16,0,0.325,0
13_16,14_15,0,0.325,0
13_16,13_15,0,0.325,0
13_16,12_15,0,0.325,0
13_17,12_17,0,0.455,0
13_17,12_18,0,0.325,0
13_17,13_18,0,0.35,0
13_17,14_18,0,0.325,0
13_17,14_17,0,0.455,0
13_17,14_16,0,0.325,0
13_17,13_16,0,0.35,0
13_17,12_16,0.325,0.35,0
13_18,12_18,0,0.325,0
13_18,12_19,0,0.25,0
13_18,13_19,0,0.325,0
13_18,14_19,0,0.325,0
13_18,14_18,0,0.325,0
13_18,14_17,0,0.455,0
13_18,13_17,0,0.455,0
13_18,12_17,0.455,0.455,0
13_19,12_19,0,0.25,0
13_19,12_20,0,0.35,0
13_19,13_20,0,0.325,0
13_19,14_20,0,0.25,0
13_19,14_19,0,0.325,0
13_19,14_18,0,0.325,0
13_19,13_18,0,0.35,0
13_19,12_18,0.325,0.325,0
13_20,12_20,0,0.35,0
13_20,12_21,0,0.25,0
13_20,13_21,0,0.325,0
13_20,14_21,0,0.325,0
13_20,14_20,0,0.25,0
13_20,14_19,0,0.325,0
13_20,13_19,0,0.325,0
13_20,12_19,0,0.25,0
13_21,12_21,0,0.25,0
13_21,14_21,0,0.325,0
13_21,14_20,0,0.25,0
13_21,13_20,0,0.325,0
13_21,12_20,0,0.35,0
14_1,13_1,0.325,0.325,0
14_1,13_2,0,0.35,0
14_1,14_2,0,0.325,0
14_1,15_2,0,0.35,0
14_1,15_1,0,0.35,0
14_2,13_2,0,0.35,0
14_2,13_3,0,0.35,0
14_2,14_3,0.315,0.325,0
14_2,15_3,0,0.325,0
14_2,15_2,0,0.35,0
14_2,15_1,0,0.35,0
14_2,14_1,0,0.325,0
14_2,13_1,0.325,0.325,0
14_3,13_3,0.34,0.35,0
14_3,13_4,0,0.35,0
14_3,14_4,0,0.35,0
14_3,15_4,0,0.325,0
14_3,15_3,0,0.325,0
14_3,15_2,0,0.35,0
14_3,14_2,0,0.325,0
14_3,13_2,0,0.35,0
14_4,13_4,0,0.35,0
14_4,13_5,0,0.455,0
14_4,14_5,0,0.455,0
14_4,15_5,0,0.455,0
14_4,15_4,0,0.325,0
14_4,15_3,0,0.325,0
14_4,14_3,0,0.325,0
14_4,13_3,0,0.35,0
14_5,13_5,0.325,0.455,0
14_5,13_6,0.285,0.325,0
14_5,14_6,0,0.35,0
14_5,15_6,0,0.325,0
14_5,15_5,0,0.455,0
14_5,15_4,0,0.325,0
14_5,14_4,0,0.35,0
14_5,13_4,0,0.35,0
14_6,13_6,0,0.325,0
14_6,13_7,0,0.325,0
14_6,14_7,0,0.35,0
14_6,15_7,0,0.35,0
14_6,15_6,0,0.325,0
14_6,15_5,0,0.455,0
14_6,14_5,0,0.455,0
14_6,13_5,0,0.455,0
14_7,13_7,0,0.325,0
14_7,13_8,0,0.25,0
14_7,14_8,0,0.325,0
14_7,15_8,0,0.325,0
14_7,15_7,0,0.35,0
14_7,15_6,0,0.325,0
14_7,14_6,0,0.35,0
14_7,13_6,0,0.325,0
14_8,13_8,0.15,0.25,0
14_8,13_9,0,0.35,0
14_8,14_9,0,0.35,0
14_8,15_9,0,0.325,0
14_8,15_8,0,0.325,0
14_8,15_7,0,0.35,0
14_8,14_7,0,0.35,0
14_8,13_7,0,0.325,0
14_9,13_9,0.35,0.35,0
14_9,13_10,0,0.325,0
14_9,14_10,0,0.25,0
14_9,15_10,0,0.325,0
14_9,15_9,0,0.325,0
14_9,15_8,0,0.325,0
14_9,14_8,0,0.325,0
14_9,13_8,0,0.25,0
14_10,13_10,0.145,0.325,0
14_10,13_11,0,0.325,0
14_10,14_11,0,0.325,0
14_10,15_11,0,0.325,0
14_10,15_10,0,0.325,0
14_10,15_9,0.105,0.325,0
14_10,14_9,0,0.35,0
14_10,13_9,0,0.35,0
14_11,13_11,0,0.325,0
14_11,13_12,0,0.35,0
14_11,14_12,0,0.105,0
14_11,15_12,0,0.25,0
14_11,15_11,0,0.325,0
14_11,15_10,0,0.325,0
14_11,14_10,0,0.25,0
14_11,13_10,0.325,0.325,0
14_12,13_12,0.05,0.35,0
14_12,13_13,0,0.35,0
14_12,14_13,0,0.325,0
14_12,15_13,0,0.325,0
14_12,15_12,0,0.25,0
14_12,15_11,0,0.325,0
14_12,14_11,0,0.325,0
14_12,13_11,0,0.325,0
14_13,13_13,0.07,0.35,0
14_13,13_14,0,0.325,0
14_13,14_14,0,0.325,0
14_13,15_14,0,0.25,0
14_13,15_13,0,0.325,0
14_13,15_12,0,0.25,0
14_13,14_12,0,0.105,0
14_13,13_12,0,0.35,0
14_14,13_14,0,0.325,0
14_14,13_15,0,0.325,0
14_14,14_15,0,0.325,0
14_14,15_15,0,0.325,0
14_14,15_14,0,0.25,0
14_14,15_13,0,0.325,0
14_14,14_13,0,0.325,0
14_14,13_13,0,0.35,0
14_15,13_15,0,0.325,0
14_15,13_16,0,0.35,0
14_15,14_16,0,0.325,0
14_15,15_16,0,0.325,0
14_15,15_15,0,0.325,0
14_15,15_14,0,0.25,0
14_15,14_14,0,0.325,0
14_15,13_14,0,0.325,0
14_16,13_16,0,0.35,0
14_16,13_17,0.325,0.455,0
14_16,14_17,0,0.455,0
14_16,15_17,0,0.455,0
14_16,15_16,0,0.325,0
14_16,15_15,0,0.325,0
14_16,14_15,0,0.325,0
14_16,13_15,0,0.325,0
14_17,13_17,0,0.455,0
14_17,13_18,0.35,0.35,0
14_17,14_18,0,0.325,0
14_17,15_18,0,0.325,0
14_17,15_17,0,0.455,0
14_17,15_16,0,0.325,0
14_17,14_16,0,0.325,0
14_17,13_16,0,0.35,0
14_18,13_18,0,0.35,0
14_18,13_19,0,0.325,0
14_18,14_19,0.325,0.325,0
14_18,15_19,0,0.455,0
14_18,15_18,0,0.325,0
14_18,15_17,0,0.455,0
14_18,14_17,0,0.455,0
14_18,13_17,0,0.455,0
14_19,13_19,0.22,0.325,0
14_19,13_20,0,0.325,0
14_19,14_20,0,0.25,0
14_19,15_20,0,0.455,0
14_19,15_19,0,0.455,0
14_19,15_18,0,0.325,0
14_19,14_18,0,0.325,0
14_19,13_18,0.105,0.35,0
14_20,13_20,0,0.325,0
14_20,13_21,0,0.325,0
14_20,14_21,0,0.325,0
14_20,15_21,0,0.325,0
14_20,15_20,0,0.455,0
14_20,15_19,0,0.455,0
14_20,14_19,0,0.325,0
14_20,13_19,0.105,0.325,0
14_21,13_21,0,0.325,0
14_21,15_21,0,0.325,0
14_21,15_20,0,0.455,0
14_21,14_20,0,0.25,0
14_21,13_20,0,0.325,0
15_1,14_1,0.325,0.325,0
15_1,14_2,0.315,0.325,0
15_1,15_2,0,0.35,0
15_1,16_2,0,0.35,0
15_1,16_1,0,0.35,0
15_2,14_2,0.325,0.325,0
15_2,14_3,0.025,0.325,0
15_2,15_3,0,0.325,0
15_2,16_3,0,0.35,0
15_2,16_2,0,0.35,0
15_2,16_1,0,0.35,0
15_2,15_1,0,0.35,0
15_2,14_1,0,0.325,0
15_3,14_3,0,0.325,0
15_3,14_4,0,0.35,0
15_3,15_4,0,0.325,0
15_3,16_4,0,0.35,0
15_3,16_3,0,0.35,0
15_3,16_2,0,0.35,0
15_3,15_2,0,0.35,0
15_3,14_2,0,0.325,0
15_4,14_4,0,0.35,0
15_4,14_5,0,0.455,0
15_4,15_5,0,0.455,0
15_4,16_5,0,0.455,0
15_4,16_4,0,0.35,0
15_4,16_3,0,0.35,0
15_4,15_3,0,0.325,0
15_4,14_3,0,0.325,0
15_5,14_5,0.325,0.455,0
15_5,14_6,0,0.35,0
15_5,15_6,0,0.325,0
15_5,16_6,0,0.35,0
15_5,16_5,0,0.455,0
15_5,16_4,0,0.35,0
15_5,15_4,0,0.325,0
15_5,14_4,0,0.35,0
15_6,14_6,0,0.35,0
15_6,14_7,0,0.35,0
15_6,15_7,0,0.35,0
15_6,16_7,0,0.35,0
15_6,16_6,0,0.35,0
15_6,16_5,0,0.455,0
15_6,15_5,0,0.455,0
15_6,14_5,0.285,0.455,0
15_7,14_7,0,0.35,0
15_7,14_8,0.065,0.325,0
15_7,15_8,0,0.325,0
15_7,16_7,0,0.35,0
15_7,16_6,0,0.35,0
15_7,15_6,0,0.325,0
15_7,14_6,0,0.35,0
15_8,14_8,0,0.325,0
15_8,14_9,0,0.35,0
15_8,15_9,0,0.325,0
15_8,16_9,0,0.325,0
15_8,16_7,0,0.35,0
15_8,15_7,0,0.35,0
15_8,14_7,0,0.35,0
15_9,14_9,0.35,0.35,0
15_9,14_10,0,0.25,0
15_9,15_10,0,0.325,0
15_9,16_10,0,0.325,0
15_9,16_9,0,0.325,0
15_9,15_8,0,0.325,0
15_9,14_8,0.085,0.325,0
15_10,14_10,0,0.25,0
15_10,14_11,0,0.325,0
15_10,15_11,0,0.325,0
15_10,16_11,0,0.325,0
15_10,16_10,0,0.325,0
15_10,16_9,0,0.325,0
15_10,15_9,0.005,0.325,0
15_10,14_9,0,0.35,0
15_11,14_11,0,0.325,0
15_11,14_12,0,0.105,0
15_11,15_12,0,0.25,0
15_11,16_12,0,0.325,0
15_11,16_11,0,0.325,0
15_11,16_10,0,0.325,0
15_11,15_10,0,0.325,0
15_11,14_10,0.25,0.25,0
15_12,14_12,0,0.105,0
15_12,14_13,0,0.325,0
15_12,15_13,0,0.325,0
15_12,16_13,0,0.455,0
15_12,16_12,0,0.325,0
15_12,16_11,0,0.325,0
15_12,15_11,0,0.325,0
15_12,14_11,0.325,0.325,0
15_13,14_13,0,0.325,0
15_13,14_14,0,0.325,0
15_13,15_14,0,0.25,0
15_13,16_14,0,0.35,0
15_13,16_13,0,0.455,0
15_13,16_12,0,0.325,0
15_13,15_12,0.13,0.25,0
15_13,14_12,0.05,0.105,0
15_14,14_14,0,0.325,0
15_14,14_15,0,0.325,0
15_14,15_15,0,0.325,0
15_14,16_15,0,0.455,0
15_14,16_14,0,0.35,0
15_14,16_13,0,0.455,0
15_14,15_13,0.18,0.325,0
15_14,14_13,0.07,0.325,0
15_15,14_15,0,0.325,0
15_15,14_16,0.325,0.325,0
15_15,15_16,0,0.325,0
15_15,16_16,0,0.325,0
15_15,16_15,0,0.455,0
15_15,16_14,0,0.35,0
15_15,15_14,0,0.25,0
15_15,14_14,0,0.325,0
15_16,14_16,0,0.325,0
15_16,14_17,0,0.455,0
15_16,15_17,0.13,0.455,0
15_16,16_17,0,0.455,0
15_16,16_16,0,0.325,0
15_16,16_15,0,0.455,0
15_16,15_15,0,0.325,0
15_16,14_15,0,0.325,0
15_17,14_17,0.35,0.455,0
15_17,14_18,0,0.325,0
15_17,15_18,0,0.325,0
15_17,16_18,0,0.325,0
15_17,16_17,0,0.455,0
15_17,16_16,0,0.325,0
15_17,15_16,0,0.325,0
15_17,14_16,0,0.325,0
15_18,14_18,0.325,0.325,0
15_18,14_19,0,0.325,0
15_18,15_19,0,0.455,0
15_18,16_19,0,0.325,0
15_18,16_18,0,0.325,0
15_18,16_17,0,0.455,0
15_18,15_17,0,0.455,0
15_18,14_17,0,0.455,0
15_19,14_19,0,0.325,0
15_19,14_20,0,0.25,0
15_19,15_20,0,0.455,0
15_19,16_20,0,0.35,0
15_19,16_19,0,0.325,0
15_19,16_18,0,0.325,0
15_19,15_18,0,0.325,0
15_19,14_18,0,0.325,0
15_20,14_20,0.105,0.25,0
15_20,14_21,0,0.325,0
15_20,15_21,0,0.325,0
15_20,16_21,0,0.35,0
15_20,16_20,0,0.35,0
15_20,16_19,0,0.325,0
15_20,15_19,0,0.455,0
15_20,14_19,0,0.325,0
15_21,14_21,0,0.325,0
15_21,16_21,0,0.35,0
15_21,16_20,0,0.35,0
15_21,15_20,0,0.455,0
15_21,14_20,0,0.25,0
16_1,15_1,0.35,0.35,0
16_1,15_2,0,0.35,0
16_1,16_2,0,0.35,0
16_1,17_2,0,0.35,0
16_1,17_1,0,0.35,0
16_2,15_2,0,0.35,0
16_2,15_3,0,0.325,0
16_2,16_3,0,0.35,0
16_2,17_3,0,0.455,0
16_2,17_2,0,0.35,0
16_2,17_1,0,0.35,0
16_2,16_1,0,0.35,0
16_2,15_1,0.29,0.35,0
16_3,15_3,0,0.325,0
16_3,15_4,0,0.325,0
16_3,16_4,0,0.35,0
16_3,17_4,0,0.35,0
16_3,17_3,0,0.455,0
16_3,17_2,0,0.35,0
16_3,16_2,0,0.35,0
16_3,15_2,0.35,0.35,0
16_4,15_4,0,0.325,0
16_4,15_5,0,0.455,0
16_4,16_5,0,0.455,0
16_4,17_5,0,0.455,0
16_4,17_4,0,0.35,0
16_4,17_3,0,0.455,0
16_4,16_3,0,0.35,0
16_4,15_3,0,0.325,0
16_5,15_5,0,0.455,0
16_5,15_6,0,0.325,0
16_5,16_6,0,0.35,0
16_5,17_6,0,0.325,0
16_5,17_5,0,0.455,0
16_5,17_4,0,0.35,0
16_5,16_4,0,0.35,0
16_5,15_4,0,0.325,0
16_6,15_6,0,0.325,0
16_6,15_7,0,0.35,0
16_6,16_7,0.35,0.35,0
16_6,17_7,0,0.455,0
16_6,17_6,0,0.325,0
16_6,17_5,0,0.455,0
16_6,16_5,0,0.455,0
16_6,15_5,0.325,0.455,0
16_7,15_7,0.065,0.35,0
16_7,15_8,0,0.325,0
16_7,17_8,0,0.35,0
16_7,17_7,0,0.455,0
16_7,17_6,0,0.325,0
16_7,16_6,0,0.35,0
16_7,15_6,0.285,0.325,0
16_9,15_9,0,0.325,0
16_9,15_10,0,0.325,0
16_9,16_10,0,0.325,0
16_9,17_10,0,0.35,0
16_9,17_9,0,0.455,0
16_9,17_8,0,0.35,0
16_9,15_8,0,0.325,0
16_10,15_10,0,0.325,0
16_10,15_11,0,0.325,0
16_10,16_11,0,0.325,0
16_10,17_11,0,0.35,0
16_10,17_10,0,0.35,0
16_10,17_9,0,0.455,0
16_10,16_9,0,0.325,0
16_10,15_9,0.325,0.325,0
16_11,15_11,0,0.325,0
16_11,15_12,0,0.25,0
16_11,16_12,0,0.325,0
16_11,17_12,0,0.35,0
16_11,17_11,0,0.35,0
16_11,17_10,0,0.35,0
16_11,16_10,0,0.325,0
16_11,15_10,0.005,0.325,0
16_12,15_12,0,0.25,0
16_12,15_13,0,0.325,0
16_12,16_13,0.07,0.455,0
16_12,17_13,0,0.35,0
16_12,17_12,0,0.35,0
16_12,17_11,0,0.35,0
16_12,16_11,0.005,0.325,0
16_12,15_11,0.25,0.325,0
16_13,15_13,0,0.325,0
16_13,15_14,0,0.25,0
16_13,16_14,0,0.35,0
16_13,17_14,0,0.455,0
16_13,17_13,0,0.35,0
16_13,17_12,0,0.35,0
16_13,16_12,0,0.325,0
16_13,15_12,0.195,0.25,0
16_14,15_14,0.25,0.25,0
16_14,15_15,0,0.325,0
16_14,16_15,0,0.455,0
16_14,17_15,0,0.35,0
16_14,17_14,0,0.455,0
16_14,17_13,0,0.35,0
16_14,16_13,0,0.455,0
16_14,15_13,0,0.325,0
16_15,15_15,0,0.325,0
16_15,15_16,0,0.325,0
16_15,16_16,0,0.325,0
16_15,17_16,0,0.35,0
16_15,17_15,0,0.35,0
16_15,17_14,0,0.455,0
16_15,16_14,0,0.35,0
16_15,15_14,0,0.25,0
16_16,15_16,0,0.325,0
16_16,15_17,0,0.455,0
16_16,16_17,0,0.455,0
16_16,17_17,0,0.455,0
16_16,17_16,0,0.35,0
16_16,17_15,0,0.35,0
16_16,16_15,0,0.455,0
16_16,15_15,0.325,0.325,0
16_17,15_17,0,0.455,0
16_17,15_18,0,0.325,0
16_17,16_18,0,0.325,0
16_17,17_18,0,0.325,0
16_17,17_17,0,0.455,0
16_17,17_16,0,0.35,0
16_17,16_16,0,0.325,0
16_17,15_16,0.13,0.325,0
16_18,15_18,0.325,0.325,0
16_18,15_19,0,0.455,0
16_18,16_19,0.105,0.325,0
16_18,17_19,0,0.325,0
16_18,17_18,0,0.325,0
16_18,17_17,0,0.455,0
16_18,16_17,0,0.455,0
16_18,15_17,0.22,0.455,0
16_19,15_19,0,0.455,0
16_19,15_20,0,0.455,0
16_19,16_20,0.105,0.35,0
16_19,17_20,0,0.35,0
16_19,17_19,0,0.325,0
16_19,17_18,0,0.325,0
16_19,16_18,0,0.325,0
16_19,15_18,0,0.325,0
16_20,15_20,0,0.455,0
16_20,15_21,0,0.325,0
16_20,16_21,0,0.35,0
16_20,17_21,0.105,0.325,0
16_20,17_20,0,0.35,0
16_20,17_19,0,0.325,0
16_20,16_19,0,0.325,0
16_20,15_19,0,0.455,0
16_21,15_21,0,0.325,0
16_21,17_21,0,0.325,0
16_21,17_20,0,0.35,0
16_21,16_20,0,0.35,0
16_21,15_20,0.105,0.455,0
17_1,16_1,0,0.35,0
17_1,16_2,0.185,0.35,0
17_1,17_2,0,0.35,0
17_1,18_2,0,0.325,0
17_1,18_1,0,0.35,0
17_2,16_2,0,0.35,0
17_2,16_3,0,0.35,0
17_2,17_3,0,0.455,0
17_2,18_3,0,0.35,0
17_2,18_2,0,0.325,0
17_2,18_1,0,0.35,0
17_2,17_1,0,0.35,0
17_2,16_1,0.35,0.35,0
17_3,16_3,0,0.35,0
17_3,16_4,0,0.35,0
17_3,17_4,0,0.35,0
17_3,18_4,0,0.325,0
17_3,18_3,0,0.35,0
17_3,18_2,0,0.325,0
17_3,17_2,0.35,0.35,0
17_3,16_2,0.105,0.35,0
17_4,16_4,0,0.35,0
17_4,16_5,0,0.455,0
17_4,17_5,0,0.455,0
17_4,18_5,0,0.455,0
17_4,18_4,0,0.325,0
17_4,18_3,0,0.35,0
17_4,17_3,0,0.455,0
17_4,16_3,0.35,0.35,0
17_5,16_5,0,0.455,0
17_5,16_6,0,0.35,0
17_5,17_6,0,0.325,0
17_5,18_6,0,0.325,0
17_5,18_5,0,0.455,0
17_5,18_4,0,0.325,0
17_5,17_4,0,0.35,0
17_5,16_4,0,0.35,0
17_6,16_6,0.325,0.35,0
17_6,16_7,0,0.35,0
17_6,17_7,0,0.455,0
17_6,18_7,0,0.35,0
17_6,18_6,0,0.325,0
17_6,18_5,0,0.455,0
17_6,17_5,0,0.455,0
17_6,16_5,0,0.455,0
17_7,16_7,0,0.35,0
17_7,17_8,0,0.35,0
17_7,18_8,0,0.455,0
17_7,18_7,0,0.35,0
17_7,18_6,0,0.325,0
17_7,17_6,0,0.325,0
17_7,16_6,0.35,0.35,0
17_8,16_9,0,0.325,0
17_8,17_9,0,0.455,0
17_8,18_9,0,0.325,0
17_8,18_8,0,0.455,0
17_8,18_7,0,0.35,0
17_8,17_7,0,0.455,0
17_8,16_7,0,0.35,0
17_9,16_9,0,0.325,0
17_9,16_10,0,0.325,0
17_9,17_10,0,0.35,0
17_9,18_10,0,0.35,0
17_9,18_9,0,0.325,0
17_9,18_8,0,0.455,0
17_9,17_8,0,0.35,0
17_10,16_10,0.325,0.325,0
17_10,16_11,0,0.325,0
17_10,17_11,0,0.35,0
17_10,18_11,0,0.455,0
17_10,18_10,0,0.35,0
17_10,18_9,0,0.325,0
17_10,17_9,0,0.455,0
17_10,16_9,0,0.325,0
17_11,16_11,0,0.325,0
17_11,16_12,0,0.325,0
17_11,17_12,0,0.35,0
17_11,18_12,0,0.455,0
17_11,18_11,0,0.455,0
17_11,18_10,0,0.35,0
17_11,17_10,0,0.35,0
17_11,16_10,0,0.325,0
17_12,16_12,0.325,0.325,0
17_12,16_13,0.125,0.455,0
17_12,17_13,0,0.35,0
17_12,18_13,0,0.35,0
17_12,18_12,0,0.455,0
17_12,18_11,0,0.455,0
17_12,17_11,0,0.35,0
17_12,16_11,0,0.325,0
17_13,16_13,0,0.455,0
17_13,16_14,0.25,0.35,0
17_13,17_14,0,0.455,0
17_13,18_13,0,0.35,0
17_13,18_12,0,0.455,0
17_13,17_12,0.1,0.35,0
17_13,16_12,0,0.325,0
17_14,16_14,0,0.35,0
17_14,16_15,0,0.455,0
17_14,17_15,0,0.35,0
17_14,18_15,0,0.455,0
17_14,18_13,0,0.35,0
17_14,17_13,0,0.35,0
17_14,16_13,0,0.455,0
17_15,16_15,0,0.455,0
17_15,16_16,0,0.325,0
17_15,17_16,0,0.35,0
17_15,18_16,0,0.325,0
17_15,18_15,0,0.455,0
17_15,17_14,0,0.455,0
17_15,16_14,0,0.35,0
17_16,16_16,0.325,0.325,0
17_16,16_17,0,0.455,0
17_16,17_17,0,0.455,0
17_16,18_17,0.025,0.455,0
17_16,18_16,0,0.325,0
17_16,18_15,0,0.455,0
17_16,17_15,0,0.35,0
17_16,16_15,0,0.455,0
17_17,16_17,0.13,0.455,0
17_17,16_18,0,0.325,0
17_17,17_18,0,0.325,0
17_17,18_18,0,0.325,0
17_17,18_17,0,0.455,0
17_17,18_16,0,0.325,0
17_17,17_16,0,0.35,0
17_17,16_16,0,0.325,0
17_18,16_18,0.325,0.325,0
17_18,16_19,0,0.325,0
17_18,17_19,0,0.325,0
17_18,18_19,0,0.35,0
17_18,18_18,0,0.325,0
17_18,18_17,0,0.455,0
17_18,17_17,0,0.455,0
17_18,16_17,0,0.455,0
17_19,16_19,0,0.325,0
17_19,16_20,0,0.35,0
17_19,17_20,0,0.35,0
17_19,18_20,0,0.35,0
17_19,18_19,0,0.35,0
17_19,18_18,0,0.325,0
17_19,17_18,0,0.325,0
17_19,16_18,0.325,0.325,0
17_20,16_20,0,0.35,0
17_20,16_21,0,0.35,0
17_20,17_21,0,0.325,0
17_20,18_21,0,0.325,0
17_20,18_20,0,0.35,0
17_20,18_19,0,0.35,0
17_20,17_19,0,0.325,0
17_20,16_19,0,0.325,0
17_21,16_21,0.105,0.35,0
17_21,18_21,0,0.325,0
17_21,18_20,0,0.35,0
17_21,17_20,0,0.35,0
17_21,16_20,0,0.35,0
18_1,17_1,0.185,0.35,0
18_1,17_2,0,0.35,0
18_1,18_2,0,0.325,0
18_1,19_2,0,0.455,0
18_1,19_1,0,0.455,0
18_2,17_2,0,0.35,0
18_2,17_3,0,0.455,0
18_2,18_3,0,0.35,0
18_2,19_3,0,0.455,0
18_2,19_2,0,0.455,0
18_2,19_1,0,0.455,0
18_2,18_1,0,0.35,0
18_2,17_1,0,0.35,0
18_3,17_3,0,0.455,0
18_3,17_4,0.35,0.35,0
18_3,18_4,0,0.325,0
18_3,19_4,0,0.325,0
18_3,19_3,0,0.455,0
18_3,19_2,0,0.455,0
18_3,18_2,0,0.325,0
18_3,17_2,0,0.35,0
18_4,17_4,0,0.35,0
18_4,17_5,0,0.455,0
18_4,18_5,0,0.455,0
18_4,19_5,0,0.455,0
18_4,19_4,0,0.325,0
18_4,19_3,0,0.455,0
18_4,18_3,0,0.35,0
18_4,17_3,0.455,0.455,0
18_5,17_5,0,0.455,0
18_5,17_6,0,0.325,0
18_5,18_6,0,0.325,0
18_5,19_6,0,0.35,0
18_5,19_5,0,0.455,0
18_5,19_4,0,0.325,0
18_5,18_4,0,0.325,0
18_5,17_4,0,0.35,0
18_6,17_6,0.325,0.325,0
18_6,17_7,0.325,0.455,0
18_6,18_7,0,0.35,0
18_6,19_7,0,0.455,0
18_6,19_6,0,0.35,0
18_6,19_5,0,0.455,0
18_6,18_5,0,0.455,0
18_6,17_5,0,0.455,0
18_7,17_7,0.025,0.455,0
18_7,17_8,0,0.35,0
18_7,18_8,0,0.455,0
18_7,19_8,0,0.455,0
18_7,19_7,0,0.455,0
18_7,19_6,0,0.35,0
18_7,18_6,0,0.325,0
18_7,17_6,0,0.325,0
18_8,17_8,0,0.35,0
18_8,17_9,0,0.455,0
18_8,18_9,0,0.325,0
18_8,19_9,0,0.35,0
18_8,19_8,0,0.455,0
18_8,19_7,0,0.455,0
18_8,18_7,0,0.35,0
18_8,17_7,0,0.455,0
18_9,17_9,0,0.455,0
18_9,17_10,0.325,0.35,0
18_9,18_10,0,0.35,0
18_9,19_10,0,0.35,0
18_9,19_9,0,0.35,0
18_9,19_8,0,0.455,0
18_9,18_8,0,0.455,0
18_9,17_8,0,0.35,0
18_10,17_10,0,0.35,0
18_10,17_11,0,0.35,0
18_10,18_11,0,0.455,0
18_10,19_11,0,0.455,0
18_10,19_10,0,0.35,0
18_10,19_9,0,0.35,0
18_10,18_9,0,0.325,0
18_10,17_9,0,0.455,0
18_11,17_11,0,0.35,0
18_11,17_12,0.35,0.35,0
18_11,18_12,0,0.455,0
18_11,19_12,0,0.35,0
18_11,19_11,0,0.455,0
18_11,19_10,0,0.35,0
18_11,18_10,0,0.35,0
18_11,17_10,0,0.35,0
18_12,17_12,0,0.35,0
18_12,17_13,0,0.35,0
18_12,18_13,0,0.35,0
18_12,19_13,0,0.455,0
18_12,19_12,0,0.35,0
18_12,19_11,0,0.455,0
18_12,18_11,0.35,0.455,0
18_12,17_11,0,0.35,0
18_13,17_13,0.35,0.35,0
18_13,17_14,0,0.455,0
18_13,19_14,0,0.455,0
18_13,19_13,0,0.455,0
18_13,19_12,0,0.35,0
18_13,18_12,0,0.455,0
18_13,17_12,0,0.35,0
18_15,17_15,0,0.35,0
18_15,17_16,0,0.35,0
18_15,18_16,0,0.325,0
18_15,19_16,0,0.325,0
18_15,19_15,0,0.35,0
18_15,19_14,0,0.455,0
18_15,17_14,0,0.455,0
18_16,17_16,0.35,0.35,0
18_16,17_17,0,0.455,0
18_16,18_17,0.105,0.455,0
18_16,19_17,0.195,0.455,0
18_16,19_16,0,0.325,0
18_16,19_15,0,0.35,0
18_16,18_15,0,0.455,0
18_16,17_15,0,0.35,0
18_17,17_17,0,0.455,0
18_17,17_18,0,0.325,0
18_17,18_18,0.325,0.325,0
18_17,19_18,0,0.35,0
18_17,19_17,0,0.455,0
18_17,19_16,0,0.325,0
18_17,18_16,0,0.325,0
18_17,17_16,0,0.35,0
18_18,17_18,0.325,0.325,0
18_18,17_19,0.325,0.325,0
18_18,18_19,0,0.35,0
18_18,19_19,0,0.35,0
18_18,19_18,0,0.35,0
18_18,19_17,0,0.455,0
18_18,18_17,0.195,0.455,0
18_18,17_17,0.13,0.455,0
18_19,17_19,0,0.325,0
18_19,17_20,0,0.35,0
18_19,18_20,0,0.35,0
18_19,19_20,0,0.455,0
18_19,19_19,0,0.35,0
18_19,19_18,0,0.35,0
18_19,18_18,0,0.325,0
18_19,17_18,0,0.325,0
18_20,17_20,0,0.35,0
18_20,17_21,0,0.325,0
18_20,18_21,0,0.325,0
18_20,19_21,0,0.455,0
18_20,19_20,0,0.455,0
18_20,19_19,0,0.35,0
18_20,18_19,0,0.35,0
18_20,17_19,0,0.325,0
18_21,17_21,0,0.325,0
18_21,19_21,0,0.455,0
18_21,19_20,0,0.455,0
18_21,18_20,0,0.35,0
18_21,17_20,0,0.35,0
19_1,18_1,0,0.35,0
19_1,18_2,0,0.325,0
19_1,19_2,0,0.455,0
19_1,20_2,0,0.35,0
19_1,20_1,0,0.455,0
19_2,18_2,0,0.325,0
19_2,18_3,0,0.35,0
19_2,19_3,0.08,0.455,0
19_2,20_3,0,0.455,0
19_2,20_2,0,0.35,0
19_2,20_1,0,0.455,0
19_2,19_1,0,0.455,0
19_2,18_1,0.185,0.35,0
19_3,18_3,0,0.35,0
19_3,18_4,0,0.325,0
19_3,19_4,0.08,0.325,0
19_3,20_4,0,0.35,0
19_3,20_3,0,0.455,0
19_3,20_2,0,0.35,0
19_3,19_2,0,0.455,0
19_3,18_2,0,0.325,0
19_4,18_4,0.325,0.325,0
19_4,18_5,0,0.455,0
19_4,19_5,0,0.455,0
19_4,20_5,0,0.35,0
19_4,20_4,0,0.35,0
19_4,20_3,0,0.455,0
19_4,19_3,0,0.455,0
19_4,18_3,0.35,0.35,0
19_5,18_5,0,0.455,0
19_5,18_6,0.325,0.325,0
19_5,19_6,0,0.35,0
19_5,20_6,0,0.35,0
19_5,20_5,0,0.35,0
19_5,20_4,0,0.35,0
19_5,19_4,0.27,0.325,0
19_5,18_4,0.13,0.325,0
19_6,18_6,0.325,0.325,0
19_6,18_7,0,0.35,0
19_6,19_7,0,0.455,0
19_6,20_7,0,0.35,0
19_6,20_6,0,0.35,0
19_6,20_5,0,0.35,0
19_6,19_5,0,0.455,0
19_6,18_5,0,0.455,0
19_7,18_7,0.025,0.35,0
19_7,18_8,0,0.455,0
19_7,19_8,0,0.455,0
19_7,20_8,0,0.455,0
19_7,20_7,0,0.35,0
19_7,20_6,0,0.35,0
19_7,19_6,0,0.35,0
19_7,18_6,0,0.325,0
19_8,18_8,0,0.455,0
19_8,18_9,0,0.325,0
19_8,19_9,0,0.35,0
19_8,20_9,0,0.35,0
19_8,20_8,0,0.455,0
19_8,20_7,0,0.35,0
19_8,19_7,0,0.455,0
19_8,18_7,0,0.35,0
19_9,18_9,0.325,0.325,0
19_9,18_10,0,0.35,0
19_9,19_10,0,0.35,0
19_9,20_10,0,0.455,0
19_9,20_9,0,0.35,0
19_9,20_8,0,0.455,0
19_9,19_8,0,0.455,0
19_9,18_8,0,0.455,0
19_10,18_10,0,0.35,0
19_10,18_11,0,0.455,0
19_10,19_11,0,0.455,0
19_10,20_11,0,0.35,0
19_10,20_10,0,0.455,0
19_10,20_9,0,0.35,0
19_10,19_9,0,0.35,0
19_10,18_9,0,0.325,0
19_11,18_11,0,0.455,0
19_11,18_12,0.35,0.455,0
19_11,19_12,0,0.35,0
19_11,20_12,0,0.35,0
19_11,20_11,0,0.35,0
19_11,20_10,0,0.455,0
19_11,19_10,0,0.35,0
19_11,18_10,0,0.35,0
19_12,18_12,0,0.455,0
19_12,18_13,0,0.35,0
19_12,19_13,0,0.455,0
19_12,20_13,0,0.455,0
19_12,20_12,0,0.35,0
19_12,20_11,0,0.35,0
19_12,19_11,0,0.455,0
19_12,18_11,0,0.455,0
19_13,18_13,0,0.35,0
19_13,19_14,0,0.455,0
19_13,20_14,0,0.35,0
19_13,20_13,0,0.455,0
19_13,20_12,0,0.35,0
19_13,19_12,0,0.35,0
19_13,18_12,0,0.455,0
19_14,18_15,0,0.455,0
19_14,19_15,0,0.35,0
19_14,20_15,0,0.35,0
19_14,20_14,0,0.35,0
19_14,20_13,0,0.455,0
19_14,19_13,0,0.455,0
19_14,18_13,0.35,0.35,0
19_15,18_15,0,0.455,0
19_15,18_16,0.325,0.325,0
19_15,19_16,0.13,0.325,0
19_15,20_16,0,0.35,0
19_15,20_15,0,0.35,0
19_15,20_14,0,0.35,0
19_15,19_14,0,0.455,0
19_16,18_16,0.325,0.325,0
19_16,18_17,0,0.455,0
19_16,19_17,0,0.455,0
19_16,20_17,0.455,0.455,0
19_16,20_16,0,0.35,0
19_16,20_15,0,0.35,0
19_16,19_15,0,0.35,0
19_16,18_15,0,0.455,0
19_17,18_17,0,0.455,0
19_17,18_18,0.325,0.325,0
19_17,19_18,0,0.35,0
19_17,20_18,0,0.455,0
19_17,20_17,0,0.455,0
19_17,20_16,0,0.35,0
19_17,19_16,0,0.325,0
19_17,18_16,0,0.325,0
19_18,18_18,0.325,0.325,0
19_18,18_19,0,0.35,0
19_18,19_19,0,0.35,0
19_18,20_19,0,0.455,0
19_18,20_18,0,0.455,0
19_18,20_17,0,0.455,0
19_18,19_17,0.025,0.455,0
19_18,18_17,0,0.455,0
19_19,18_19,0,0.35,0
19_19,18_20,0,0.35,0
19_19,19_20,0,0.455,0
19_19,20_20,0,0.35,0
19_19,20_19,0,0.455,0
19_19,20_18,0,0.455,0
19_19,19_18,0,0.35,0
19_19,18_18,0,0.325,0
19_20,18_20,0,0.35,0
19_20,18_21,0,0.325,0
19_20,19_21,0,0.455,0
19_20,20_21,0,0.35,0
19_20,20_20,0,0.35,0
19_20,20_19,0,0.455,0
19_20,19_19,0,0.35,0
19_20,18_19,0,0.35,0
19_21,18_21,0,0.325,0
19_21,20_21,0,0.35,0
19_21,20_20,0,0.35,0
19_21,19_20,0,0.455,0
19_21,18_20,0,0.35,0
20_1,19_1,0,0.455,0
20_1,19_2,0,0.455,0
20_1,20_2,0,0.35,0
20_1,21_2,0,0.455,0
20_1,21_1,0,0.455,0
20_2,19_2,0.265,0.455,0
20_2,19_3,0,0.455,0
20_2,20_3,0,0.455,0
20_2,21_3,0,0.35,0
20_2,21_2,0,0.455,0
20_2,21_1,0,0.455,0
20_2,20_1,0,0.455,0
20_2,19_1,0,0.455,0
20_3,19_3,0,0.455,0
20_3,19_4,0,0.325,0
20_3,20_4,0,0.35,0
20_3,21_4,0,0.455,0
20_3,21_3,0,0.35,0
20_3,21_2,0,0.455,0
20_3,20_2,0,0.35,0
20_3,19_2,0,0.455,0
20_4,19_4,0,0.325,0
20_4,19_5,0.35,0.455,0
20_4,20_5,0,0.35,0
20_4,21_5,0,0.455,0
20_4,21_4,0,0.455,0
20_4,21_3,0,0.35,0
20_4,20_3,0,0.455,0
20_4,19_3,0,0.455,0
20_5,19_5,0.375,0.455,0
20_5,19_6,0,0.35,0
20_5,20_6,0,0.35,0
20_5,21_6,0,0.455,0
20_5,21_5,0,0.455,0
20_5,21_4,0,0.455,0
20_5,20_4,0,0.35,0
20_5,19_4,0.325,0.325,0
20_6,19_6,0.325,0.35,0
20_6,19_7,0.025,0.455,0
20_6,20_7,0,0.35,0
20_6,21_7,0,0.455,0
20_6,21_6,0,0.455,0
20_6,21_5,0,0.455,0
20_6,20_5,0,0.35,0
20_6,19_5,0,0.455,0
20_7,19_7,0,0.455,0
20_7,19_8,0,0.455,0
20_7,20_8,0,0.455,0
20_7,21_8,0,0.35,0
20_7,21_7,0,0.455,0
20_7,21_6,0,0.455,0
20_7,20_6,0,0.35,0
20_7,19_6,0,0.35,0
20_8,19_8,0,0.455,0
20_8,19_9,0,0.35,0
20_8,20_9,0,0.35,0
20_8,21_9,0,0.35,0
20_8,21_8,0,0.35,0
20_8,21_7,0,0.455,0
20_8,20_7,0,0.35,0
20_8,19_7,0,0.455,0
20_9,19_9,0.325,0.35,0
20_9,19_10,0,0.35,0
20_9,20_10,0,0.455,0
20_9,21_10,0,0.35,0
20_9,21_9,0,0.35,0
20_9,21_8,0,0.35,0
20_9,20_8,0,0.455,0
20_9,19_8,0,0.455,0
20_10,19_10,0,0.35,0
20_10,19_11,0,0.455,0
20_10,20_11,0,0.35,0
20_10,21_11,0,0.35,0
20_10,21_10,0,0.35,0
20_10,21_9,0,0.35,0
20_10,20_9,0,0.35,0
20_10,19_9,0,0.35,0
20_11,19_11,0,0.455,0
20_11,19_12,0,0.35,0
20_11,20_12,0,0.35,0
20_11,21_12,0,0.455,0
20_11,21_11,0,0.35,0
20_11,21_10,0,0.35,0
20_11,20_10,0,0.455,0
20_11,19_10,0,0.35,0
20_12,19_12,0,0.35,0
20_12,19_13,0,0.455,0
20_12,20_13,0,0.455,0
20_12,21_13,0,0.455,0
20_12,21_12,0,0.455,0
20_12,21_11,0,0.35,0
20_12,20_11,0,0.35,0
20_12,19_11,0.35,0.455,0
20_13,19_13,0,0.455,0
20_13,19_14,0,0.455,0
20_13,20_14,0,0.35,0
20_13,21_14,0,0.455,0
20_13,21_13,0,0.455,0
20_13,21_12,0,0.455,0
20_13,20_12,0,0.35,0
20_13,19_12,0,0.35,0
20_14,19_14,0,0.455,0
20_14,19_15,0.105,0.35,0
20_14,20_15,0.35,0.35,0
20_14,21_15,0,0.455,0
20_14,21_14,0,0.455,0
20_14,21_13,0,0.455,0
20_14,20_13,0,0.455,0
20_14,19_13,0,0.455,0
20_15,19_15,0.35,0.35,0
20_15,19_16,0.325,0.325,0
20_15,20_16,0,0.35,0
20_15,21_16,0.35,0.35,0
20_15,21_15,0,0.455,0
20_15,21_14,0,0.455,0
20_15,20_14,0,0.35,0
20_15,19_14,0.35,0.455,0
20_16,19_16,0.325,0.325,0
20_16,19_17,0,0.455,0
20_16,20_17,0,0.455,0
20_16,21_17,0.35,0.35,0
20_16,21_16,0,0.35,0
20_16,21_15,0,0.455,0
20_16,20_15,0.025,0.35,0
20_16,19_15,0,0.35,0
20_17,19_17,0.105,0.455,0
20_17,19_18,0.35,0.35,0
20_17,20_18,0,0.455,0
20_17,21_18,0,0.455,0
20_17,21_17,0,0.35,0
20_17,21_16,0,0.35,0
20_17,20_16,0,0.35,0
20_17,19_16,0,0.325,0
20_18,19_18,0,0.35,0
20_18,19_19,0,0.35,0
20_18,20_19,0,0.455,0
20_18,21_19,0,0.455,0
20_18,21_18,0,0.455,0
20_18,21_17,0,0.35,0
20_18,20_17,0,0.455,0
20_18,19_17,0,0.455,0
20_19,19_19,0,0.35,0
20_19,19_20,0,0.455,0
20_19,20_20,0,0.35,0
20_19,21_20,0,0.35,0
20_19,21_19,0,0.455,0
20_19,21_18,0,0.455,0
20_19,20_18,0,0.455,0
20_19,19_18,0,0.35,0
20_20,19_20,0,0.455,0
20_20,19_21,0,0.455,0
20_20,20_21,0,0.35,0
20_20,21_21,0,0.455,0
20_20,21_20,0,0.35,0
20_20,21_19,0,0.455,0
20_20,20_19,0,0.455,0
20_20,19_19,0,0.35,0
20_21,19_21,0,0.455,0
20_21,21_21,0,0.455,0
20_21,21_20,0,0.35,0
20_21,20_20,0,0.35,0
20_21,19_20,0,0.455,0
21_1,20_1,0,0.455,0
21_1,20_2,0,0.35,0
21_1,21_2,0,0.455,0
21_2,20_2,0.265,0.35,0
21_2,20_3,0,0.455,0
21_2,21_3,0,0.35,0
21_2,21_1,0,0.455,0
21_2,20_1,0,0.455,0
21_3,20_3,0,0.455,0
21_3,20_4,0.35,0.35,0
21_3,21_4,0,0.455,0
21_3,21_2,0,0.455,0
21_3,20_2,0,0.35,0
21_4,20_4,0,0.35,0
21_4,20_5,0.35,0.35,0
21_4,21_5,0,0.455,0
21_4,21_3,0,0.35,0
21_4,20_3,0,0.455,0
21_5,20_5,0.35,0.35,0
21_5,20_6,0,0.35,0
21_5,21_6,0,0.455,0
21_5,21_4,0,0.455,0
21_5,20_4,0,0.35,0
21_6,20_6,0,0.35,0
21_6,20_7,0,0.35,0
21_6,21_7,0,0.455,0
21_6,21_5,0,0.455,0
21_6,20_5,0,0.35,0
21_7,20_7,0,0.35,0
21_7,20_8,0,0.455,0
21_7,21_8,0,0.35,0
21_7,21_6,0,0.455,0
21_7,20_6,0.35,0.35,0
21_8,20_8,0,0.455,0
21_8,20_9,0.325,0.35,0
21_8,21_9,0,0.35,0
21_8,21_7,0,0.455,0
21_8,20_7,0,0.35,0
21_9,20_9,0,0.35,0
21_9,20_10,0,0.455,0
21_9,21_10,0,0.35,0
21_9,21_8,0,0.35,0
21_9,20_8,0,0.455,0
21_10,20_10,0,0.455,0
21_10,20_11,0,0.35,0
21_10,21_11,0,0.35,0
21_10,21_9,0,0.35,0
21_10,20_9,0,0.35,0
21_11,20_11,0,0.35,0
21_11,20_12,0.35,0.35,0
21_11,21_12,0,0.455,0
21_11,21_10,0,0.35,0
21_11,20_10,0,0.455,0
21_12,20_12,0,0.35,0
21_12,20_13,0,0.455,0
21_12,21_13,0,0.455,0
21_12,21_11,0,0.35,0
21_12,20_11,0,0.35,0
21_13,20_13,0,0.455,0
21_13,20_14,0.105,0.35,0
21_13,21_14,0,0.455,0
21_13,21_12,0,0.455,0
21_13,20_12,0,0.35,0
21_14,20_14,0,0.35,0
21_14,20_15,0.35,0.35,0
21_14,21_15,0,0.455,0
21_14,21_13,0.105,0.455,0
21_14,20_13,0,0.455,0
21_15,20_15,0.35,0.35,0
21_15,20_16,0,0.35,0
21_15,21_16,0.3,0.35,0
21_15,21_14,0.455,0.455,0
21_15,20_14,0.35,0.35,0
21_16,20_16,0.35,0.35,0
21_16,20_17,0,0.455,0
21_16,21_17,0,0.35,0
21_16,21_15,0,0.455,0
21_16,20_15,0.3,0.35,0
21_17,20_17,0,0.455,0
21_17,20_18,0,0.455,0
21_17,21_18,0,0.455,0
21_17,21_16,0,0.35,0
21_17,20_16,0.35,0.35,0
21_18,20_18,0,0.455,0
21_18,20_19,0,0.455,0
21_18,21_19,0,0.455,0
21_18,21_17,0,0.35,0
21_18,20_17,0,0.455,0
21_19,20_19,0,0.455,0
21_19,20_20,0,0.35,0
21_19,21_20,0,0.35,0
21_19,21_18,0,0.455,0
21_19,20_18,0,0.455,0
21_20,20_20,0,0.35,0
21_20,20_21,0,0.35,0
21_20,21_21,0,0.455,0
21_20,21_19,0,0.455,0
21_20,20_19,0,0.455,0
21_21,20_21,0,0.35,0
21_21,21_20,0,0.35,0
21_21,20_20,0,0.35,0
